,size,forks_count,open_issues,has_wiki,has_pages,has_projects,has_discussions,author_type,contributors,commits,comments,deployments,num_topics,javascript,typescript,other_language,desc_word_count,created_at,updated_at,pushed_at,has_homepage,mit_license,apache_license,other_license,remain_license,stars
0,399247,32189,214,0,1,0,0,0,396,33082,256,6897,16,0,1,0,10,394284,467979,467980,1,0,0,0,1,367165
1,16794,55348,45,0,1,0,0,0,430,8341,156,3743,5,0,0,1,5,383737,467979,467905,1,0,0,0,1,280243
2,188163,21414,16732,0,0,0,0,1,405,3189,238,631,0,0,0,1,14,431546,467980,467324,1,0,0,1,0,265876
3,20576,67735,56,0,0,0,0,1,279,2359,24,0,12,0,0,1,11,406989,467980,467873,0,0,0,0,1,257898
4,1461,25801,63,0,1,0,0,1,437,1091,43,4,5,0,0,1,9,390296,467980,467971,0,0,0,0,1,254832
5,4948,27517,194,0,0,0,0,0,431,4527,44,0,13,0,0,0,6,405138,467979,467909,1,1,0,0,0,240676
6,1531959,33920,416,1,1,0,0,1,470,3211,36,1564,18,0,1,0,14,413768,467980,467979,1,0,0,1,0,240042
7,11187,39149,379,1,0,1,0,1,110,329,25,0,13,0,0,0,15,413362,467980,467703,0,0,0,1,0,220590
8,323598,43360,1269,1,1,1,0,0,426,15814,685,143,6,1,0,0,8,380386,467980,467956,1,1,0,0,0,207773
9,31925,33754,636,1,0,1,0,0,350,3547,441,0,4,0,1,0,13,381957,467980,467938,1,1,0,0,0,203701
10,967,19705,287,0,0,0,0,0,103,520,6,0,6,0,0,1,9,423846,467980,467976,1,0,0,0,0,201805
11,939671,88367,2161,0,0,1,0,0,409,148353,933,0,8,0,0,1,8,401899,467979,467979,1,0,1,0,0,174766
12,13236,27928,310,0,0,0,0,1,192,1097,41,0,8,1,0,0,15,422738,467980,467893,0,1,0,0,0,170143
13,6728,23181,351,0,1,0,0,1,365,1639,33,198,6,0,0,0,11,389967,467980,467871,1,0,0,1,0,168567
14,12512,32555,132,0,0,1,0,1,172,1892,74,0,13,0,0,1,8,384597,467978,467736,0,0,0,1,0,167992
15,116174,50193,181,1,1,1,0,1,218,3776,17,1274,8,0,0,1,2,421809,467979,467372,1,0,0,0,0,164318
16,230705,78486,402,0,1,1,1,0,367,22419,1716,133,7,1,0,0,17,364431,467980,467977,1,1,0,0,0,163742
17,10228,25267,622,1,0,1,1,0,391,6903,723,0,16,0,0,1,53,347628,467979,467979,1,1,0,0,0,159064
18,13434,40127,164,1,0,1,1,0,459,2807,120,0,14,0,0,0,5,407956,467980,467979,1,1,0,0,0,158865
19,259457,25380,11577,1,0,1,0,0,387,34984,496,0,19,0,0,1,14,396017,467980,467980,1,0,0,0,1,153546
21,2356,84200,407,0,0,0,0,0,419,3528,369,0,2,0,0,1,6,358118,467980,467955,0,0,0,0,1,148144
22,868084,25728,7040,1,0,1,0,0,348,109265,3927,0,6,0,1,0,3,400358,467980,467980,1,1,0,0,0,146404
23,1204,17987,16,1,0,1,0,0,129,998,29,0,4,0,0,1,10,388650,467980,467564,0,1,0,0,0,139412
24,2673,13587,222,0,0,1,0,1,147,1210,54,0,6,0,0,1,7,397809,467980,467974,0,0,0,0,0,136279
25,310266,49116,683,1,0,1,0,1,12,372,69,0,0,0,0,0,3,422194,467979,467302,0,0,0,0,0,136068
26,3663,25601,160,1,1,0,0,0,408,1954,132,9,14,1,0,0,3,375497,467979,467956,0,1,0,0,0,134359
27,160725,44054,66,1,0,1,1,1,400,4728,27,1151,10,0,0,1,6,423799,467979,467973,1,0,1,0,0,133877
28,7412,27412,776,1,1,1,1,0,287,1986,136,698,6,0,0,0,9,466371,467980,467979,1,1,0,0,0,133484
29,15331,7613,99,0,0,1,0,0,411,6059,16,0,7,0,0,1,18,398085,467980,467980,1,0,0,1,0,132418
30,64866,9001,4735,0,1,1,0,0,390,18716,1816,323,0,0,0,0,11,357921,467980,467932,1,0,0,0,1,120471
31,124715,22338,324,1,0,1,1,1,82,429,12,1,8,0,0,1,13,439467,467979,467923,1,0,0,0,0,116125
32,592990,11497,0,1,0,1,1,0,391,8972,41,2151,15,1,0,0,8,419988,467979,467960,1,0,0,0,1,111674
33,349759,16561,8319,1,0,1,1,0,390,56797,423,0,4,0,0,1,4,391223,467980,467974,1,0,0,0,1,111472
34,851308,23275,1977,1,1,1,0,0,325,27678,3305,2394,8,0,0,1,8,394668,467980,467979,1,1,0,0,0,109667
35,138416,14675,894,0,0,1,0,0,382,27343,350,0,9,0,0,1,10,379364,467977,467980,1,1,0,0,0,107465
36,1838660,23928,1984,0,0,0,1,0,449,15909,1576,1709,14,1,0,0,3,409914,467979,467980,1,1,0,0,0,106461
37,42671,23311,7,1,0,0,1,0,119,4355,177,0,5,1,0,0,10,357107,467980,467898,1,0,0,0,1,105386
38,438,14449,38,1,0,1,1,0,100,570,13,0,8,0,0,1,5,414431,467979,467768,0,1,0,0,0,102799
39,1236,27530,28,0,0,0,0,1,119,922,38,0,14,0,0,1,2,384308,467978,467061,1,0,0,0,1,102519
40,10151,10967,145,0,0,0,1,1,428,4561,26,518,6,0,0,1,10,390176,467980,467944,1,1,0,0,0,101827
41,144265,20596,699,1,0,1,0,0,437,12976,320,0,20,0,0,0,10,428000,467980,467979,1,0,1,0,0,101078
42,12315,10324,441,0,0,1,1,0,399,1450,55,0,5,1,0,0,9,391217,467975,467910,1,1,0,0,0,100229
43,23405,26367,2011,0,1,1,1,0,455,2800,216,34,3,1,0,0,10,407985,467980,467931,1,1,0,0,0,99833
44,1194201,36170,2474,0,0,1,0,0,355,116299,21568,4,4,0,0,1,5,389465,467979,467980,1,0,1,0,0,98519
45,3479,7283,44,0,0,0,0,1,98,1066,6,0,19,0,0,1,14,424925,467980,467870,0,1,0,0,0,98079
46,1002155,25926,1707,0,0,1,1,0,442,39001,1609,0,9,1,0,0,4,393614,467979,467980,1,0,0,1,0,95490
47,1281470,34698,501,1,1,0,0,1,364,41657,2764,413,12,1,0,0,3,352597,467980,467979,1,1,0,0,0,91945
48,2106801,11772,6312,1,0,1,0,0,352,34822,3621,1,4,0,1,0,12,389721,467979,467976,1,0,1,0,0,91370
49,32024,11844,17,1,0,0,1,1,140,1254,79,4074,10,0,1,0,10,407687,467980,467851,1,1,0,0,0,90794
50,323859,5275,4851,1,0,1,0,0,353,6597,782,0,8,0,0,1,6,432420,467980,467968,0,1,0,0,0,90736
51,101948,4864,1353,1,0,0,1,0,435,9371,235,1593,4,0,0,0,7,423980,467979,467969,1,1,0,0,0,89458
52,70080,9233,45,0,0,1,0,1,221,3810,8,0,18,0,0,1,8,418179,467978,467740,1,0,0,0,1,89308
53,133488,7780,1481,1,0,1,1,0,354,3624,2441,0,10,0,0,1,15,417349,467979,467921,0,1,0,0,0,88816
54,460502,23614,1437,0,0,1,1,0,385,27122,1169,0,7,0,1,0,5,391954,467978,467979,1,1,0,0,0,88253
55,380954,29827,1477,0,0,1,1,0,422,21931,465,255,7,0,1,0,17,391213,467980,467980,1,1,0,0,0,86798
56,155534,39637,970,1,1,1,1,0,376,25213,1761,1043,7,0,1,0,9,397186,467979,467980,1,1,0,0,0,85964
57,5525,8606,1374,1,0,1,0,0,111,2107,55,0,8,0,0,1,6,419796,467980,467868,0,0,1,0,0,83814
58,477240,8946,276,0,1,0,0,0,450,3536,100,334,8,0,1,0,4,415096,467980,467978,1,0,1,0,0,83292
59,15436,29747,1293,1,1,1,1,1,115,1019,44,77,19,0,0,1,6,414550,467980,467733,0,1,0,0,0,82392
60,520,11150,84,1,0,1,0,1,106,546,10,0,7,1,0,0,7,411136,467979,467721,0,1,0,0,0,82251
61,30762,25100,201,1,0,0,0,1,335,3454,43,306,8,0,0,1,5,390995,467979,467910,1,0,0,1,0,82045
62,923518,10799,9578,0,0,1,0,0,435,224754,54332,0,4,0,0,0,8,354639,467978,467980,1,0,0,1,0,81729
63,673299,8463,2185,0,0,1,1,0,365,50534,1355,8739,19,0,1,0,20,405070,467980,467978,1,1,0,0,0,78704
64,1778,16473,51,0,1,1,1,0,114,662,20,188,4,0,0,1,15,366220,467976,466698,1,0,0,1,0,77831
65,4031,3356,287,1,0,1,0,1,168,1636,27,0,2,0,0,0,8,396801,467979,467550,0,1,0,0,0,77492
66,30551,14888,1924,1,0,1,1,1,403,4382,599,0,16,0,0,0,4,461432,467980,467978,0,0,0,0,1,76923
67,624,9672,269,0,1,0,0,1,74,395,12,135,5,0,0,1,10,463952,467980,467958,1,0,0,0,1,75917
68,612992,46258,1198,1,0,1,0,0,370,9027,197,0,0,0,0,1,6,404059,467978,467923,0,0,0,1,0,75823
69,34199,6909,58,0,0,1,1,0,76,891,27,47,0,0,1,0,20,404583,467978,467915,1,1,0,0,0,74454
70,10632,23731,31,0,0,0,0,0,402,6898,1538,0,3,0,0,1,30,363189,467979,467924,1,0,0,0,0,73488
71,509807,13917,18,1,0,1,0,1,15,246,8,0,5,0,0,1,11,428906,467977,466484,0,0,0,0,0,73143
72,230560,5298,4,0,0,0,0,0,244,862,19,0,7,0,0,1,10,385305,467979,467797,1,0,0,0,0,72780
73,110561,12425,5369,1,0,1,1,0,3,13,79,21,7,1,0,0,7,369296,467980,467477,1,0,0,1,0,71453
74,238247,29243,149,0,0,0,0,0,395,31730,1829,436,9,0,0,0,7,370989,467979,467980,1,0,0,0,1,70841
75,301,6767,45,1,0,1,0,0,78,282,3,0,5,0,0,1,12,417655,467978,467058,0,0,0,0,1,70775
76,88608,2984,364,1,0,1,1,1,111,582,17,0,3,0,0,1,6,393254,467979,467840,0,0,0,0,1,70148
77,33645,18314,2,0,1,0,1,0,36,731,11,624,20,0,0,1,14,427446,467979,467694,1,0,0,0,1,70094
78,6765,7617,14,0,1,0,0,1,431,5096,23,1451,2,0,0,1,18,396303,467979,467915,1,0,0,0,0,70042
79,87472,10943,76,1,1,0,1,0,202,1608,47,284,7,1,0,0,10,445821,467979,467880,1,1,0,0,0,69850
80,233222,34255,633,0,0,1,0,0,350,37598,1041,0,5,0,0,1,4,359097,467979,467980,1,1,0,0,0,69622
81,4451,8993,103,0,0,1,1,1,7,156,12,0,4,0,0,0,11,406200,467980,467395,1,0,0,0,0,69072
82,517931,55318,2473,1,0,0,0,0,290,32949,370,0,5,0,0,1,5,372964,467978,467980,1,0,1,0,0,68925
83,3222,7459,691,0,0,0,0,0,375,1684,69,0,7,0,0,1,34,389706,467980,467862,1,1,0,0,0,68807
84,13004,9347,44,0,0,1,0,0,446,5021,6,0,0,0,0,1,10,401466,467976,467863,0,1,0,0,0,68626
85,93406,3544,15,0,0,0,1,0,244,5161,44,0,7,0,0,1,8,418689,467979,467961,1,1,0,0,0,68597
86,91172,3317,817,1,0,1,0,0,426,7099,133,745,3,0,1,0,4,411012,467980,467980,1,1,0,0,0,67901
87,27854,11478,104,0,0,1,0,1,86,1071,19,0,9,0,0,1,19,402969,467979,467960,0,0,1,0,0,67640
88,167372,38651,640,1,0,1,0,0,368,42945,896,6,4,0,0,1,2,375177,467979,467967,1,0,1,0,0,67356
89,3307,7215,375,0,0,0,0,0,333,2131,126,0,13,0,0,1,13,353148,467980,467610,0,1,0,0,0,67174
90,115087,7192,643,0,0,1,0,0,427,7579,335,0,7,0,0,1,7,381369,467979,467979,1,0,1,0,0,67158
91,1317690,18366,11936,1,0,1,0,0,344,60524,1155,940,8,0,0,0,11,408623,467979,467980,1,0,0,1,0,67025
92,3761,6591,658,0,0,1,0,1,70,872,10,0,0,1,0,0,15,384871,467980,467739,0,1,0,0,0,66939
93,57974,26830,37,1,0,1,0,1,1,958,10,0,16,0,0,1,3,422995,467978,467929,1,0,1,0,0,66225
94,247231,4647,1709,1,0,1,0,0,448,26075,825,0,7,0,0,1,6,386432,467978,467980,1,0,0,1,0,66041
95,197968,18685,4217,1,0,1,1,0,406,46164,742,0,3,0,0,1,14,377364,467980,467929,1,0,1,0,0,65947
96,2870,6250,5,0,1,0,1,1,107,697,9,263,12,0,0,1,11,418924,467978,464396,1,0,0,0,1,65173
97,165,8525,24,0,0,0,0,0,21,115,29,0,9,0,0,1,12,405370,467979,467550,0,0,0,0,1,65168
98,112732,391,619,0,1,0,0,0,230,26099,248,1929,5,1,0,0,11,428392,467979,467977,0,0,0,0,1,64806
99,614,8403,357,1,0,1,0,1,62,536,0,0,4,0,0,1,14,430861,467979,467573,0,1,0,0,0,64781
100,1078266,23114,4104,0,0,1,0,0,345,68858,1189,0,3,0,0,1,7,351559,467979,467980,1,0,0,1,0,63847
101,21213,16525,738,1,1,1,1,1,295,2967,113,15,3,1,0,0,4,363181,467977,467814,1,1,0,0,0,63794
102,74938,1726,514,0,0,1,1,0,253,3404,83,4,17,0,0,0,12,434163,467980,467963,1,0,1,0,0,63697
103,132741,5525,318,0,0,1,1,0,400,15487,168,0,20,0,0,1,6,380965,467978,467964,0,0,0,0,1,63153
104,59774,8742,299,0,0,1,1,0,403,16015,249,0,16,1,0,0,44,369820,467977,467973,1,1,0,0,0,63073
105,10210,15664,1,0,0,0,1,0,406,5066,166,10,7,0,0,0,8,352925,467979,467887,1,0,0,0,1,63006
106,990559,10084,6496,0,0,0,0,0,356,151068,4309,0,0,0,0,1,4,401559,467979,467979,1,0,1,0,0,62790
107,46896,8947,122,1,0,1,0,1,1,564,0,0,0,0,0,1,4,435453,467979,467972,0,0,0,1,0,61881
108,1282783,11462,9636,0,0,1,0,0,463,54358,1447,0,8,0,0,1,9,385786,467980,467979,1,1,0,0,0,61441
109,9096,10466,169,1,0,0,1,0,275,5775,517,0,4,1,0,0,7,346117,467977,467888,1,1,0,0,0,60909
110,10485,5850,136,1,1,1,0,1,451,1907,16,657,10,1,0,0,18,407986,467979,467955,1,0,0,0,1,60701
111,42309,11859,258,0,0,1,1,0,428,4441,89,0,7,1,0,0,7,378762,467979,467921,1,1,0,0,0,60645
112,450128,23234,2780,0,0,1,0,0,404,62325,748,87,8,0,0,0,12,383161,467979,467979,1,0,1,0,0,60570
113,52003,5052,279,0,0,1,1,0,201,3563,49,1325,7,0,1,0,5,430907,467979,467962,1,1,0,0,0,60434
114,411,1408,63,1,1,1,0,0,46,263,16,1,0,1,0,0,6,360272,467979,465673,1,0,0,0,0,59963
115,131728,22549,2398,0,0,1,1,0,385,11730,629,0,0,0,0,1,31,343793,467979,467980,1,0,0,0,1,59939
116,24091,12574,112,1,0,1,0,1,28,445,9,0,20,0,0,1,9,413076,467979,467965,1,1,0,0,0,59826
117,28292,15403,47,0,1,0,1,0,426,3775,237,24,1,0,1,0,6,398034,467978,467963,1,1,0,0,0,59584
118,126287,15015,888,1,1,1,0,0,369,11868,174,3957,8,0,0,1,7,391402,467978,467964,1,0,0,1,0,59426
119,330585,18348,1000,0,0,0,1,0,329,38533,990,0,7,1,0,0,5,368628,467979,464645,1,1,0,0,0,59395
120,101744,28118,466,1,0,1,0,0,400,9073,1786,0,0,1,0,0,7,350755,467976,458266,1,1,0,0,0,59170
121,2535,14035,4,0,1,0,0,1,446,1863,3,0,0,0,0,0,11,390397,467978,467872,0,0,0,1,0,58900
122,16027,11420,322,1,1,1,0,1,11,807,9,5,0,1,0,0,18,371349,467974,464961,1,1,0,0,0,58845
123,35951,19349,393,1,0,1,0,0,422,8199,235,0,6,0,0,0,4,396523,467979,467980,1,0,1,0,0,58394
124,17183,10188,117,0,1,1,1,0,193,1976,234,0,4,0,1,0,5,352308,467978,467979,1,1,0,0,0,58263
125,17016,4857,514,1,0,1,1,1,430,2833,573,8025,20,0,0,0,13,428954,467979,467973,1,1,0,0,0,58144
126,3080,17712,62,1,0,1,0,1,37,307,3,0,0,0,0,1,1,423056,467979,463348,0,0,0,0,0,58024
127,221382,4622,857,1,1,1,1,0,392,7493,51,384,7,1,0,0,16,393018,467980,467978,1,1,0,0,0,57705
128,32351,20777,86,1,0,0,1,0,290,6614,3023,0,1,1,0,0,3,344097,467977,467969,1,1,0,0,0,57476
129,242968,23362,979,0,0,1,0,0,378,53728,849,0,3,0,0,0,48,369729,467978,467921,1,0,0,0,1,57427
130,7585,11791,327,0,0,1,0,0,3,29,401,0,0,0,0,1,6,466641,467980,467954,1,0,0,0,1,57396
131,5056,10888,8,0,1,0,1,0,219,951,46,34,6,0,0,1,19,369114,467980,467941,1,1,0,0,0,57135
132,5,4674,4336,1,0,1,0,1,1,4,80,0,0,0,0,1,13,421650,467972,467917,0,0,1,0,0,56808
133,289751,6900,69,1,0,1,0,0,378,13411,51,0,13,0,1,0,22,412838,467980,467977,1,1,0,0,0,56738
134,13485,16468,141,1,0,1,1,0,75,1718,75,0,3,0,0,1,5,377258,467979,467200,0,0,0,1,0,56537
135,33140,5007,540,0,0,1,1,0,449,5676,90,259,5,0,1,0,6,440951,467980,467979,1,1,0,0,0,56407
136,47581,6925,504,1,0,1,0,0,286,8005,848,0,4,1,0,0,10,370486,467980,467885,1,0,0,1,0,56380
137,858,7858,68,1,0,1,0,1,119,611,7,0,13,1,0,0,8,426679,467976,467295,0,1,0,0,0,56111
138,518,7931,16,1,0,1,0,1,85,327,13,0,19,0,0,1,8,410291,467979,467806,0,0,0,0,0,56010
139,2471,6718,3,0,0,0,0,1,436,1973,11,0,10,0,0,1,8,390912,467979,467741,0,0,0,0,0,55608
140,782387,10830,3598,0,0,1,1,0,376,42955,470,0,15,0,1,0,26,385210,467979,467980,1,0,0,0,1,55422
141,2102,16637,272,0,0,1,1,1,248,755,417,913,6,1,0,0,8,442853,467980,467958,1,1,0,0,0,55393
142,1096,7581,23,1,0,1,0,0,137,449,4,0,14,0,0,1,15,402412,467979,467845,1,0,0,0,0,55334
143,227307,19472,2289,1,0,1,0,0,205,9078,78,2,9,0,1,0,13,379149,467977,467811,1,0,1,0,0,55234
144,2964,6835,136,1,0,1,0,1,171,537,22,0,4,0,0,1,14,387922,467977,463376,0,0,0,1,0,54822
145,22577,12229,7,1,0,0,1,0,245,2459,984,0,7,1,0,0,14,351204,467980,467583,1,1,0,0,0,54582
146,1115068,10538,129,0,0,1,1,0,418,21403,242,0,7,1,0,0,12,397841,467978,467978,1,1,0,0,0,54468
147,3743,7749,10,1,0,1,0,1,187,1292,7,0,0,0,0,1,11,433418,467979,467022,0,1,0,0,0,54445
148,42830,6460,248,1,0,0,0,1,3,38,5,0,5,0,0,1,6,427745,467980,467738,0,0,0,0,0,54439
149,43676,8496,491,1,0,1,0,0,8,33,14,0,0,0,0,1,5,461145,467980,467860,1,0,0,1,0,54418
150,153756,24284,2193,1,0,1,1,0,413,29986,2569,0,5,0,0,0,5,356116,467978,467975,1,0,0,0,1,54307
151,989,9308,122,0,0,0,0,0,146,762,6,1,4,0,0,1,7,393456,467980,465492,1,1,0,0,0,54254
152,422221,6547,377,0,1,1,0,0,367,30184,83,858,19,1,0,0,15,401002,467979,467980,1,0,0,1,0,53837
153,402206,7715,360,0,1,0,1,1,312,2106,13,685,5,0,0,1,10,439709,467979,467770,1,0,0,0,1,53580
154,91788,14548,2527,1,1,1,1,0,411,4599,148,205,7,0,0,1,7,409128,467978,467828,1,1,0,0,0,53380
155,569637,26843,8175,0,0,1,0,0,346,117145,722,0,0,0,0,0,4,412981,467980,467979,1,0,0,1,0,53143
156,260324,21121,834,0,0,1,0,0,370,87732,14312,0,7,0,0,1,3,335516,467977,467978,1,1,0,0,0,52863
157,5048,2188,321,1,0,0,1,1,218,2368,146,0,10,0,0,1,5,384034,467978,467956,0,1,0,0,0,52311
158,125278,3765,329,1,0,1,0,0,281,7088,389,102,4,0,0,1,5,384844,467979,467974,1,0,0,0,1,52084
159,451361,10620,1354,1,1,1,1,0,426,13453,157,83,18,0,1,0,10,399301,467979,467979,1,0,1,0,0,52053
160,3532,17282,4,0,0,0,0,0,432,1859,50,0,10,0,0,1,5,407956,467979,467952,0,1,0,0,0,51953
161,191827,36155,1438,1,1,1,0,0,391,26693,676,7,3,0,0,1,2,358822,467978,467979,1,0,1,0,0,51879
162,67540,3530,136,1,0,1,1,0,183,4794,74,0,19,0,1,0,8,435103,467979,467977,1,1,0,0,0,51501
163,5007,10492,1,1,0,1,0,1,385,2061,8,0,0,0,0,1,20,441321,467978,467957,0,1,0,0,0,51488
164,498,6244,95,0,0,0,0,1,254,462,13,0,5,0,0,1,6,401582,467978,467767,0,0,0,0,0,51453
165,1884,6814,812,1,1,1,0,1,264,1146,18,581,6,0,0,1,6,413534,467976,467905,0,1,0,0,0,51387
166,75750,5312,369,1,1,1,1,1,142,5774,46,89,4,0,0,0,6,396397,467979,466768,0,1,0,0,0,51382
167,150487,2767,830,0,0,0,1,0,402,10634,38,11,11,0,1,0,20,437173,467980,467971,1,0,1,0,0,51336
168,145884,9312,7,1,0,1,1,1,76,1748,12,639,14,1,0,0,11,422883,467979,467876,1,0,0,1,0,51226
169,1505,5654,22,0,0,0,1,1,333,845,8,0,6,0,0,1,6,390296,467979,467954,1,0,0,0,1,51179
170,52748,8552,396,1,0,1,0,0,166,6228,724,0,7,0,0,1,7,391068,467979,467980,1,0,1,0,0,51074
171,207074,15558,107,1,1,1,0,1,100,1275,11,309,0,1,0,0,7,425017,467979,465497,1,0,0,0,1,50594
172,113055,5103,1070,1,0,1,1,0,184,6747,80,0,10,1,0,0,13,379290,467980,464843,1,1,0,0,0,50578
173,174081,12672,11,1,0,1,0,1,10,154,16,0,0,0,0,0,168,426341,467980,467951,1,0,0,0,0,50530
174,1137124,3769,268,0,0,1,1,0,401,19953,8540,57919,10,0,1,0,13,436344,467979,467979,1,0,1,0,0,50467
175,379,11019,75,0,1,0,0,1,36,360,92,8,3,0,0,1,6,362356,467975,467032,1,1,0,0,0,50369
176,21853,10036,54,0,0,0,1,0,429,6089,775,0,0,0,1,0,4,388960,467978,467926,1,1,0,0,0,50338
177,12845,9089,283,1,0,0,0,0,407,6156,364,237,8,0,0,0,6,360445,467977,467862,1,0,1,0,0,49552
178,211841,3470,463,1,0,1,1,1,91,1007,37,0,15,0,0,1,5,439953,467980,467937,1,0,0,0,1,49109
179,1059608,13646,493,1,0,0,1,0,401,12874,645,0,17,0,1,0,19,382505,467980,467976,1,1,0,0,0,49031
180,179658,9948,12,1,1,0,1,0,120,1533,11,209,11,0,0,1,11,448532,467979,467690,1,1,0,0,0,48486
181,42414,4130,1048,0,0,1,1,0,234,3084,3098,27834,6,0,1,0,7,438307,467980,467979,1,1,0,0,0,48470
182,103959,12933,723,1,0,1,0,1,49,238,9,0,4,0,0,0,12,413488,467979,467859,0,1,0,0,0,48318
183,164642,8157,892,1,0,1,1,0,362,11211,236,0,7,0,0,1,8,376037,467980,467955,1,0,1,0,0,48253
184,1778238,9628,215,0,1,1,0,0,26,209,40,13,7,0,0,1,5,392436,467980,466534,1,0,1,0,0,48080
185,16821,12610,17,0,1,1,0,1,233,1749,5,45,17,0,0,0,13,410209,467980,467959,1,1,0,0,0,47816
186,67978,6871,592,1,1,1,1,0,416,12839,500,10,11,0,0,1,14,383493,467980,467970,1,0,0,0,1,47737
187,44407,3924,1197,1,1,1,1,0,386,21691,314,2,8,0,0,0,8,445462,467980,467980,1,0,0,0,1,47718
188,88218,8472,857,1,0,0,1,1,329,7352,237,0,14,0,0,1,11,390536,467979,467978,0,1,0,0,0,47635
189,420011,10547,740,1,1,1,0,0,293,6065,292,1564,2,0,0,1,5,389266,467979,467921,0,0,1,0,0,47515
190,3752,9225,384,1,1,1,0,1,214,2512,168,68,0,0,0,0,7,373738,467979,467892,1,0,0,1,0,47373
191,20992,7146,273,0,0,1,0,0,405,3980,117,0,0,1,0,0,8,360813,467977,467675,1,1,0,0,0,47370
192,17083,3633,80,0,0,0,0,0,194,1678,224,0,16,0,0,1,10,394766,467979,467978,1,0,1,0,0,47328
193,1401,7996,46,0,1,1,0,1,127,554,5,62,4,0,0,1,10,393349,467979,467551,0,0,0,0,0,47259
194,24667,9993,736,1,0,1,0,0,377,9803,98,0,8,0,0,0,11,351884,467978,467977,1,0,0,0,1,47250
195,91071,2838,1444,1,1,1,1,1,103,5693,25,477,5,0,1,0,7,411795,467978,467975,1,1,0,0,0,47248
196,26851,3577,376,1,1,1,0,0,433,4432,31,11001,7,0,0,0,17,410394,467980,467980,1,0,0,1,0,47183
197,102311,3946,359,1,1,1,0,1,363,1733,32,1117,5,0,0,1,6,403770,467978,467879,1,1,0,0,0,47166
198,139584,7687,19,1,1,1,0,0,285,6032,102,594,4,0,0,1,23,377126,467979,467980,0,0,1,0,0,47017
199,3290,6344,55,0,1,0,0,1,296,1812,8,1045,18,0,0,1,14,415038,467979,467551,0,0,0,0,0,46853
200,12770,2774,338,1,0,0,0,0,370,2115,96,0,10,0,0,0,5,404375,467978,467970,1,0,1,0,0,46747
201,55898,10093,209,1,1,1,1,0,393,11639,568,1710,6,0,0,1,10,340128,467978,467885,1,1,0,0,0,46679
202,909811,22979,27,1,0,1,0,1,232,1614,41,0,0,0,0,1,38,369332,467980,467886,1,1,0,0,0,46674
203,105,6731,68,0,0,0,0,1,47,150,20,0,0,1,0,0,5,402253,467980,466981,0,0,0,0,0,46525
204,2280,6986,416,1,1,0,1,1,346,1669,9,0,12,0,0,1,18,390435,467979,467878,1,1,0,0,0,46425
205,871781,10301,24,1,0,1,0,1,69,459,18,0,3,0,0,1,8,394268,467979,467551,0,1,0,0,0,46394
206,227993,25071,144,0,0,0,0,0,411,70252,1058,0,3,0,0,1,34,338000,467977,467937,0,0,0,1,0,46303
207,108050,3889,1164,1,0,1,1,0,436,8454,116,1172,18,1,0,0,6,411227,467980,467977,1,1,0,0,0,45625
208,103226,3953,873,0,0,1,1,0,451,4211,343,217,11,0,1,0,21,410405,467980,467980,1,1,0,0,0,45399
209,49045,3655,201,1,1,1,0,1,43,736,6,122,7,1,0,0,3,404968,467979,466725,1,1,0,0,0,45193
210,1497,5046,15,0,1,0,0,1,21,1160,1,303,20,0,0,1,9,420646,467980,467954,0,1,0,0,0,45185
211,201849,12318,24,0,1,1,0,1,81,1723,55,647,14,0,0,0,4,420460,467979,467832,1,0,0,0,1,44979
212,330,2139,97,1,0,1,0,1,69,273,11,0,0,0,0,0,24,399735,467970,466877,0,1,0,0,0,44839
213,245456,6958,294,0,1,1,1,0,464,5581,115,783,6,0,1,0,7,416098,467979,467867,1,1,0,0,0,44787
214,96947,5589,1028,0,0,0,1,0,359,15674,103,0,9,1,0,0,23,397102,467979,467913,1,1,0,0,0,44749
215,1964002,5533,148,0,0,0,0,0,280,101413,8731,0,7,0,0,1,4,369203,467978,467980,1,0,0,0,0,44734
216,19625,3638,220,1,0,1,1,0,411,11906,79,0,12,0,0,1,6,385130,467979,467979,1,0,0,1,0,44248
217,1073,6252,67,1,0,1,0,1,95,327,2,0,3,0,0,1,5,416862,467974,464942,1,1,0,0,0,44087
218,964951,29081,889,0,0,1,1,0,399,84000,1418,0,7,0,1,0,8,374843,467979,467979,0,0,0,1,0,44067
219,48418,9108,86,0,1,0,0,0,248,5383,172,138,4,0,0,1,10,373064,467978,467958,1,0,1,0,0,44001
220,20994814,3328,26,1,1,1,1,1,151,2049,28,243,13,0,0,1,26,393815,467979,467954,1,0,0,1,0,43992
221,2579,975,3,1,0,1,0,0,13,36,4,0,0,0,0,1,8,465344,467980,467556,0,1,0,0,0,43900
222,316821,9097,31,0,0,0,0,0,245,4096,26,0,8,0,0,0,1,417623,467980,467815,1,0,1,0,0,43655
223,1245,8276,353,1,0,1,0,1,1,1553,45,0,18,0,0,1,1,405195,467980,467959,0,0,0,0,0,43579
224,120577,5248,242,1,0,1,1,0,370,33788,1894,1464,12,1,0,0,5,368588,467979,467944,1,0,0,1,0,43486
225,75232,9246,191,0,0,1,1,0,374,19741,214,0,10,0,0,1,13,381424,467979,467979,1,0,1,0,0,43470
226,758948,2836,2684,0,1,0,1,0,420,19650,18735,22,12,1,0,0,12,395947,467979,467974,1,1,0,0,0,43412
227,49973,1562,139,1,0,1,1,0,210,3760,19,0,16,0,0,0,14,437049,467980,467906,1,1,0,0,0,43332
228,4611,9644,20,1,1,1,1,1,146,712,10,36,19,0,0,0,23,436140,467978,467946,0,0,0,1,0,43316
229,234623,9398,123,0,0,0,0,0,374,34279,365,1629,13,1,0,0,11,379901,467978,467980,1,1,0,0,0,43232
230,5900,2177,730,1,1,1,0,1,297,1454,26,10,6,1,0,0,14,423147,467977,467858,1,1,0,0,0,43119
231,120068,4612,614,1,1,1,0,0,421,4729,40,1847,13,0,0,1,5,400597,467978,467979,1,1,0,0,0,43112
232,30468,8083,19,1,0,0,1,1,39,1005,26,0,11,0,0,1,13,434566,467979,467955,1,0,0,0,1,43081
233,13400,6779,5,0,0,0,0,1,396,6330,145,0,13,0,0,1,12,390274,467979,467890,1,1,0,0,0,42892
234,21541,6867,58,1,0,1,0,0,24,667,6,80,4,1,0,0,8,406458,467972,467501,1,1,0,0,0,42818
235,10242,15140,218,1,0,1,0,1,60,250,7,0,6,0,0,1,11,402008,467979,462855,0,0,0,1,0,42759
236,13313,11503,188,1,0,1,0,0,56,807,52,0,3,0,0,1,16,404072,467976,467969,0,0,1,0,0,42680
237,135125,9381,335,1,1,1,0,0,363,17288,129,3323,0,1,0,0,4,362161,467979,467964,1,0,1,0,0,42552
238,131633,18092,88,0,0,1,1,0,116,2626,70,0,5,1,0,0,10,385533,467979,467955,1,1,0,0,0,42534
239,55238,8690,35,0,0,0,0,0,85,5389,29,0,8,0,0,1,9,400374,467979,467686,1,1,0,0,0,42464
240,7568,2497,46,0,0,1,1,0,202,5683,243,0,12,0,0,1,6,389505,467972,467937,1,0,0,1,0,42403
241,266380,5196,4576,0,0,0,1,0,401,54513,18345,4348,9,0,0,1,4,362041,467978,467977,1,1,0,0,0,42396
242,38387,2263,765,0,0,1,1,0,373,2940,50,0,11,1,0,0,9,417251,467979,467979,1,1,0,0,0,42367
243,203947,16614,311,1,1,0,0,0,432,14213,240,323,5,0,0,1,7,385567,467977,467979,1,0,0,0,1,42326
244,205650,4728,845,0,0,0,1,0,415,5899,209,0,11,0,0,1,7,386708,467978,467840,1,1,0,0,0,42273
245,9495,4457,248,1,0,1,0,0,43,786,16,0,0,0,0,1,20,466645,467980,467976,0,1,0,0,0,42254
246,1981,5503,54,1,1,1,0,1,99,879,48,19,4,0,0,1,5,424616,467980,467973,0,0,0,0,1,42250
247,97695,5626,825,0,0,1,1,0,420,15784,776,137,7,0,1,0,10,392192,467976,467980,1,1,0,0,0,42237
248,1790,10450,84,0,0,1,0,1,16,182,44,0,0,0,0,1,14,381368,467979,465779,1,1,0,0,0,42139
249,28254,4169,69,1,0,1,1,1,189,6109,42,0,19,0,0,0,13,444802,467979,467978,1,0,0,0,1,42128
250,291260,6354,540,1,1,1,0,0,433,6813,172,1007,9,0,1,0,3,385170,467964,467978,1,1,0,0,0,41997
251,38293,10750,126,1,0,1,0,1,351,5178,23,0,0,0,0,1,11,373302,467978,467211,0,0,0,0,1,41996
252,369676,7612,136,1,0,0,0,1,16,296,1,0,6,0,0,0,12,433011,467978,467573,0,0,0,1,0,41885
253,204919,6199,3773,0,0,1,1,0,409,13580,234,0,7,0,0,1,6,404481,467977,467980,1,0,0,0,1,41666
254,5900,7264,185,1,1,0,1,0,150,2056,95,9,2,0,0,1,9,356608,467978,467872,1,0,1,0,0,41544
255,52107,1092,763,0,0,0,1,0,227,6413,72,0,12,0,0,1,13,449539,467980,467976,1,0,0,0,0,41408
256,30920,1081,205,0,0,0,1,1,294,2632,13,0,8,0,0,0,5,423413,467979,467974,0,0,1,0,0,41273
257,16778,4920,135,1,0,1,1,0,191,2097,96,0,14,0,0,0,11,429345,467979,467928,1,1,0,0,0,41254
258,119363,2889,1963,0,0,1,0,0,442,2353,65,0,4,1,0,0,13,403668,467977,467143,1,0,0,1,0,41172
259,844,8282,2,0,0,0,0,1,180,602,14,0,9,0,0,1,2,409598,467979,467587,0,0,0,0,1,41118
260,764,5283,29,0,0,1,0,1,78,506,10,0,5,0,0,1,9,388139,467979,463686,1,1,0,0,0,41019
261,1608,3194,16,1,0,1,0,1,115,441,1,0,0,0,0,1,4,390567,467975,467059,0,0,0,0,1,41003
262,1844,2121,116,0,0,0,1,1,36,164,18,0,12,0,0,1,15,424968,467978,467869,1,0,0,0,1,40996
263,2989,3722,2,0,0,0,1,0,166,1007,17,0,6,1,0,0,9,424414,467977,467913,1,1,0,0,0,40944
264,22764,3439,894,0,0,0,1,0,259,3544,134,0,9,0,1,0,6,407592,467978,467857,1,1,0,0,0,40923
265,10955,10050,61,1,1,1,0,1,6,109,8,105,18,0,0,1,5,425211,467980,466315,0,1,0,0,0,40865
266,32926,4573,1440,1,0,1,1,1,485,2168,23,0,0,0,0,0,8,462765,467980,467979,0,1,0,0,0,40832
267,159,4842,11,1,0,1,0,1,44,141,5,0,6,0,0,1,6,413127,467979,467851,0,0,0,0,0,40829
268,58568,2151,537,1,0,1,1,0,111,5077,215,0,19,0,0,1,14,396879,467979,467938,1,0,0,1,0,40730
269,2272,4294,139,1,0,1,1,0,12,611,19,0,4,0,0,1,5,415479,467979,467559,1,0,1,0,0,40447
270,34429,12503,110,1,0,1,0,1,12,511,6,0,7,0,0,1,19,411788,467978,467906,1,0,0,0,1,40054
271,91436,4753,148,1,0,1,1,0,376,6482,427,2,13,0,1,0,16,377441,467979,467897,1,1,0,0,0,39988
272,72432,3051,1042,1,0,1,0,0,136,1599,46,0,17,1,0,0,12,419578,467979,467629,1,1,0,0,0,39879
273,202492,8184,92,1,1,0,1,0,53,603,11,165,6,1,0,0,11,409102,467980,467699,1,1,0,0,0,39692
274,339,4417,109,1,0,1,0,0,46,210,0,0,5,0,0,1,4,418043,467980,467166,0,0,0,1,0,39628
275,305009,4881,1351,1,0,1,1,0,236,9556,152,0,3,0,0,1,8,430941,467980,467979,1,0,1,0,0,39622
276,4900,6594,5,0,1,0,0,1,2,2739,6,1224,15,0,0,1,6,405966,467980,467968,1,0,0,0,1,39611
277,129379,3953,875,1,0,1,0,0,107,4972,110,0,6,1,0,0,19,368232,467978,467925,1,1,0,0,0,39608
278,848593,8819,531,1,1,1,0,1,19,1313,78,457,15,0,0,0,8,424471,467980,467377,0,0,0,0,1,39469
279,2345396,7290,383,1,0,1,1,0,433,9380,421,0,0,0,0,0,28,411092,467978,467979,1,1,0,0,0,39408
280,31860,7464,37,0,1,1,1,0,226,1590,56,348,15,0,0,1,5,390768,467973,467942,0,1,0,0,0,39354
281,13025,2541,773,0,0,0,0,1,255,4998,160,0,10,1,0,0,9,380301,467978,467192,1,0,0,1,0,39084
282,113845,4688,49,0,1,0,1,0,405,10684,175,2246,12,0,0,1,6,394789,467980,467980,1,0,0,0,1,39045
283,34461,2448,167,0,0,0,1,0,302,3477,59,0,4,0,1,0,21,408697,467979,467962,1,1,0,0,0,38926
284,48177,25916,843,1,0,1,0,0,403,6768,130,3,7,0,0,1,11,372242,467980,467978,1,0,1,0,0,38909
285,164290,4844,798,1,1,1,0,1,244,3878,167,116,7,1,0,0,8,391814,467966,467646,1,1,0,0,0,38833
286,93347,9502,158,1,0,1,0,1,380,6513,74,0,10,0,0,1,3,437862,467979,467947,0,0,0,0,0,38810
287,14813,13864,329,1,0,1,1,0,305,2656,111,0,13,0,0,0,10,441598,467980,467980,1,0,0,0,1,38655
288,2346,6716,109,0,0,0,0,0,317,1822,38,0,3,0,0,0,13,400628,467979,467979,1,1,0,0,0,38652
289,91911,6586,3445,0,0,1,1,0,380,10093,142,0,8,0,0,1,4,403530,467977,467974,1,1,0,0,0,38591
290,183728,3488,885,1,0,1,0,0,398,7053,156,0,20,0,0,1,21,387490,467980,467972,1,1,0,0,0,38536
291,6543,971,125,1,0,1,1,0,151,914,11,0,4,0,0,1,6,429566,467980,467974,0,1,0,0,0,38517
292,45158,16916,193,1,1,1,0,1,15,235,6,13,6,0,0,1,9,408560,467977,467832,1,1,0,0,0,38446
293,326560,16290,3508,0,0,1,0,0,411,32452,673,0,6,0,0,0,24,356276,467978,467979,1,0,0,0,1,38420
294,8608,3447,681,1,0,1,0,0,206,3605,103,0,12,0,0,1,14,378576,467978,467753,0,1,0,0,0,38383
295,1048,5093,116,0,0,1,0,1,95,390,3,0,4,0,0,1,9,381079,467979,466692,0,0,0,0,0,38345
296,1334304,3461,1068,1,0,1,0,0,201,10189,22,0,13,1,0,0,5,425379,467979,467980,1,0,1,0,0,38128
297,484823,10010,823,1,1,1,0,0,325,53111,317,102,0,0,0,1,10,393901,467980,467979,1,0,1,0,0,37970
298,69583,4180,607,1,0,1,1,1,66,1169,1,0,13,1,0,0,4,429198,467980,467977,1,1,0,0,0,37956
299,4422,1702,213,0,0,0,1,1,314,1736,75,0,10,0,0,0,12,404900,467979,467910,0,0,0,0,1,37943
300,585299,7990,88,0,0,0,0,0,386,49398,9479,0,7,0,0,1,8,377202,467980,467979,1,0,0,0,1,37911
301,26036,5103,215,1,1,1,0,0,305,2100,106,76,0,0,0,0,18,399998,467978,467636,1,0,0,1,0,37866
302,22939,6890,978,0,0,1,1,0,383,4955,279,137,0,0,1,0,14,424664,467980,467971,1,1,0,0,0,37707
303,31579,2283,6,1,0,0,1,1,58,1428,25,0,13,1,0,0,13,412660,467980,454073,0,0,0,0,1,37673
304,57106,5629,480,0,1,1,1,0,379,7660,291,1474,4,1,0,0,8,356987,467978,467961,1,0,0,0,1,37579
305,517,909,42,0,1,0,1,0,41,481,29,2,5,1,0,0,6,450048,467979,467917,1,0,1,0,0,37428
306,5390,5397,18,1,0,1,1,1,153,634,26,235,15,1,0,0,9,421070,467979,467949,1,1,0,0,0,37421
307,3777,6785,10,1,0,1,0,1,101,830,7,0,3,0,0,0,7,371943,467980,465233,0,0,0,0,0,37370
308,299591,8631,1832,0,0,0,0,0,357,31142,403,3162,5,0,0,1,39,387424,467979,467980,1,0,0,0,1,37337
309,4678,6817,74,1,1,1,0,0,78,413,24,9,0,1,0,0,23,368080,467978,467077,1,1,0,0,0,37207
310,1321,2740,2,1,0,1,0,1,51,616,15,0,9,1,0,0,9,423087,467980,466301,0,0,0,0,0,37194
311,83673,6784,1116,0,0,0,1,0,439,14213,256,7473,19,0,1,0,4,409339,467978,467977,1,1,0,0,0,37180
312,81326,5525,437,0,0,1,1,0,382,16417,234,0,11,0,0,1,14,393755,467977,467878,1,1,0,0,0,37075
313,39727,11674,29,1,0,1,1,1,20,150,20,0,5,0,0,1,2,464108,467980,467936,1,1,0,0,0,37007
314,8446,4083,25,0,0,0,1,0,54,115,33,0,0,0,0,0,7,462038,467980,467961,0,1,0,0,0,36995
315,4503,1486,161,0,0,1,0,1,33,412,8,0,6,0,0,1,10,423946,467978,467925,0,1,0,0,0,36824
316,84055,2927,558,1,1,1,0,1,161,2947,21,494,0,0,1,0,4,427948,467978,467864,1,0,0,0,1,36792
317,7549,4497,84,1,0,0,1,0,166,3589,55,0,4,1,0,0,10,374553,467978,467939,1,1,0,0,0,36781
318,158781,9424,109,1,0,1,1,1,70,510,22,0,20,0,0,0,9,466691,467980,467978,1,0,0,0,1,36688
319,280974,4632,2138,1,0,0,0,0,404,15526,121,0,12,0,0,1,23,410540,467979,467980,1,1,0,0,0,36675
320,260,3439,709,1,0,1,0,1,69,294,12,0,0,0,0,1,21,384383,467973,467975,0,0,0,0,0,36654
321,54272,1322,128,0,0,1,1,0,146,7980,15,221,19,0,0,0,13,423462,467980,467979,1,1,0,0,0,36578
322,1983,7113,7,1,0,1,0,1,318,1630,9,0,2,0,0,1,14,390244,467979,467226,0,0,0,1,0,36488
323,21720,8940,2125,1,0,1,0,1,64,2070,255,0,5,0,0,1,26,388448,467977,467908,0,0,0,1,0,36480
324,30959,1370,152,1,0,1,0,0,286,8845,41,0,14,0,0,1,13,409773,467971,466114,1,0,0,1,0,36462
325,3345,3078,25,0,0,0,0,1,430,1978,4,0,7,1,0,0,9,413759,467978,467978,0,1,0,0,0,36401
326,72074,1914,34,0,0,0,0,1,239,4145,48,0,1,0,0,1,3,430837,467979,467966,0,1,0,0,0,36294
327,354272,10907,3,0,0,0,0,0,305,110768,374,0,15,0,0,1,3,361880,467979,467980,1,0,0,1,0,36242
328,924194,2285,447,1,0,1,1,0,137,14713,2569,378,19,0,1,0,7,419245,467979,467980,1,0,0,0,1,36059
329,72048,8836,49,0,1,0,0,0,382,36023,390,8848,5,0,0,1,9,404783,467979,467979,1,0,0,0,1,36041
330,373493,3981,336,0,0,1,0,1,443,9264,298,4426,15,0,1,0,20,412384,467980,467964,1,0,0,1,0,35972
331,31521,3929,385,0,1,0,1,1,25,588,11,46,15,0,0,0,8,463996,467980,467964,1,0,0,0,1,35929
332,124951,8540,245,1,0,1,1,1,41,563,23,0,20,1,0,0,38,438080,467976,467957,0,0,0,0,0,35888
333,118617,5338,104,0,0,1,1,0,81,449,6,0,6,0,0,1,8,457484,467979,467923,1,1,0,0,0,35883
334,139009,2704,14,1,1,1,0,1,99,10962,1032,4474,7,1,0,0,13,396636,467979,467971,0,0,0,0,1,35875
335,998,3074,2,1,0,1,0,1,234,902,19,0,5,0,0,1,7,407433,467976,467519,0,0,0,0,1,35847
336,477614,26959,262,0,0,1,0,0,330,36815,1213,0,8,0,0,1,11,387026,467974,467980,1,0,1,0,0,35794
337,15438,3031,1337,0,1,0,0,0,126,5369,52,115,4,1,0,0,11,373241,467978,467974,1,0,0,0,1,35713
338,126669,7375,443,1,1,1,1,0,378,3943,118,35,10,1,0,0,7,353845,467979,467963,1,0,0,1,0,35603
339,746525,8573,3078,1,1,1,0,0,374,23598,214,13064,11,0,1,0,8,397778,467978,467979,1,0,0,1,0,35597
340,171448,11121,3,0,1,1,1,0,9,233,38,197,20,0,0,0,1,413331,467979,467520,1,0,0,1,0,35481
341,511293,7543,664,0,0,0,0,0,232,132207,4470,0,0,0,0,1,3,363380,467978,467959,1,0,0,1,0,35470
342,5871,2191,82,1,1,1,1,1,275,1282,8,8,18,0,0,1,10,419349,467979,467228,0,0,0,0,1,35432
343,659,12201,158,1,0,1,0,1,46,285,4,0,0,0,0,1,11,407744,467976,467979,0,0,1,0,0,35337
344,4558,1704,116,1,0,1,0,1,48,901,21,0,10,0,0,0,6,415048,467977,466786,1,1,0,0,0,35332
345,16916,1011,313,0,0,0,0,1,97,3632,68,0,11,0,0,1,7,407194,467979,467946,1,1,0,0,0,35329
346,3638,7224,91,1,0,1,0,1,25,114,2,0,1,0,0,0,15,410118,467979,463759,0,0,0,0,0,35256
347,78531,9717,191,0,0,1,1,1,252,3404,71,0,8,1,0,0,9,369925,467977,467814,1,1,0,0,0,35191
348,2410,22017,53,1,1,0,1,0,128,702,34,27,4,0,0,1,6,383080,467971,467728,1,0,1,0,0,35182
349,57379,9314,28,0,1,0,0,1,258,6309,429,2664,0,0,0,1,5,409255,467980,467979,0,0,0,0,1,35102
350,37794,1414,482,1,0,1,1,1,191,4200,33,307,3,0,0,1,6,424075,467980,467976,0,1,0,0,0,35098
351,180746,6026,95,0,1,1,1,1,245,4534,120,134,19,0,0,1,4,381363,467979,467961,1,1,0,0,0,34944
352,27830,1747,13,0,0,1,1,0,248,3462,76,0,9,0,1,0,13,431058,467980,467945,1,1,0,0,0,34916
353,45772,2127,520,0,0,1,1,0,163,4037,11,0,18,0,0,0,21,451063,467979,467975,1,0,0,0,1,34895
354,29086,4462,253,0,0,0,1,0,326,9388,1463,1789,19,0,0,1,5,393402,467977,467980,1,0,1,0,0,34872
355,22735,5073,10,1,0,0,0,1,330,6844,204,21,19,0,0,1,7,395082,467980,467964,0,0,0,0,1,34852
356,1104,9288,30,1,0,1,0,0,26,376,6,0,10,0,0,0,1,433369,467979,467857,0,0,0,0,0,34846
357,6401,2201,11,0,0,0,0,0,426,3972,0,0,2,0,0,0,8,390437,467980,467955,0,0,0,0,1,34685
358,52023,13542,43,1,1,1,0,0,13,911,18,682,20,0,0,1,4,428669,467979,467908,1,0,1,0,0,34670
359,2674,13294,317,0,1,0,0,0,75,499,17,186,3,0,0,1,6,397813,467979,467357,1,0,1,0,0,34667
360,35286,2246,43,0,0,1,1,0,474,2031,816,3192,12,0,1,0,23,435589,467980,467979,1,1,0,0,0,34622
361,19378,4292,312,1,0,0,0,1,89,1987,39,0,4,0,0,1,4,378779,467979,467935,0,0,1,0,0,34597
362,34409,2318,312,0,0,0,1,0,302,2569,66,0,5,0,1,0,19,402556,467977,467890,1,1,0,0,0,34584
363,16442,7441,183,1,0,1,0,1,131,2146,27,0,12,1,0,0,12,383238,467978,467360,1,0,0,0,1,34572
364,144238,7507,0,1,0,1,0,0,2,2,2087,0,0,0,0,1,3,345394,467980,466658,0,0,0,0,0,34555
365,38743,2812,181,0,0,1,0,1,1,80,2,0,0,0,0,1,4,370061,467971,465019,0,0,0,1,0,34498
366,371532,6976,101,0,0,0,1,1,380,18802,263,0,11,1,0,0,25,379374,467975,467756,1,1,0,0,0,34441
367,1318732,6743,331,1,1,1,1,0,31,1869,17,1182,3,1,0,0,11,409207,467979,467889,1,0,1,0,0,34428
368,15683,1896,246,1,1,1,1,0,292,5330,40,3,7,1,0,0,14,400533,467979,467965,1,1,0,0,0,34423
369,317,9235,869,1,0,1,0,0,26,111,6,0,5,0,0,0,7,427913,467979,467889,1,0,1,0,0,34308
370,31956,1465,548,0,0,0,1,0,453,2750,17,0,12,0,0,0,11,431709,467977,467966,1,0,0,0,1,34279
371,7457,7903,279,1,1,1,1,0,296,2474,443,411,9,0,1,0,7,417677,467979,467302,1,1,0,0,0,34245
373,375857,53601,73,1,0,1,0,1,328,27334,37,0,0,0,0,1,7,379788,467980,467980,1,1,0,0,0,34185
374,121326,3280,325,1,1,0,1,0,265,3197,13,484,5,1,0,0,5,407027,467979,467978,1,1,0,0,0,34153
375,137826,3605,78,0,1,1,1,0,92,2361,122,1107,20,0,0,1,12,421515,467979,467960,1,1,0,0,0,34140
376,13555,8108,16,0,0,0,0,1,178,2566,36,215,6,1,0,0,6,384539,467973,465977,1,1,0,0,0,34111
377,459005,5476,3987,1,0,1,0,0,401,20657,431,11,13,0,0,1,21,400414,467979,467980,1,0,1,0,0,34082
378,3423,3295,58,1,0,0,1,0,208,1184,225,0,1,1,0,0,8,381757,467979,467867,1,1,0,0,0,34015
379,7680,3687,150,0,0,1,0,0,198,1042,8,0,0,0,0,1,8,407892,467980,464116,0,0,0,0,1,33943
380,136347,5356,24,0,0,0,0,0,121,1509,41,0,5,0,0,1,13,409937,467978,467942,1,0,1,0,0,33910
381,25363,4144,219,1,0,1,0,1,41,1000,22,1,5,0,0,0,4,466467,467980,467979,1,0,0,0,1,33887
382,2413,3562,24417,0,0,1,1,0,190,841,6,0,4,0,1,0,8,443193,467980,467958,1,1,0,0,0,33850
383,396,7608,1,1,0,1,0,1,3,218,0,0,9,0,0,1,2,437086,467978,461514,0,0,0,0,0,33798
384,18260,60102,93,1,0,1,0,0,445,14077,96,42,11,0,0,1,9,409545,467980,467979,1,1,0,0,0,33784
385,8908,9089,64,1,1,1,0,0,15,730,13,382,0,0,0,1,5,411414,467979,437590,1,0,0,0,0,33770
386,68983,2046,912,1,0,1,1,0,410,15357,929,0,6,0,0,1,24,430437,467979,467977,0,1,0,0,0,33711
387,53584,11632,34,1,0,1,1,0,41,3682,522,0,2,0,0,1,5,376568,467977,467396,0,0,0,1,0,33690
388,6296,2106,234,0,0,0,0,0,131,1278,9,0,6,0,1,0,7,398904,467975,466643,0,1,0,0,0,33610
389,95399,6064,442,1,1,1,0,0,125,2858,130,179,5,0,0,1,12,381473,467978,467966,1,0,0,1,0,33608
390,6902,3700,0,1,0,1,1,0,2,81,6,0,10,0,0,1,24,438569,467979,467865,1,0,0,0,0,33599
391,17470,2891,931,1,1,1,0,1,317,4227,117,1178,13,1,0,0,5,451459,467979,467976,1,1,0,0,0,33568
392,232,3077,59,0,0,0,0,1,20,263,1,0,12,0,0,1,10,424676,467974,465274,0,1,0,0,0,33568
393,8883,5552,83,1,1,1,0,1,120,733,5,30,20,1,0,0,21,419493,467978,467337,1,1,0,0,0,33545
394,92974,7961,2787,1,0,1,0,0,316,17847,400,0,0,1,0,0,14,367575,467972,459722,1,1,0,0,0,33452
395,891,19084,447,1,0,1,0,0,1,1,395,0,0,0,0,0,0,370807,467980,463752,0,0,0,0,0,33378
396,76170,18996,1180,1,1,1,0,0,257,4156,167,7,3,0,0,1,8,383053,467976,466506,1,0,0,1,0,33357
397,6129,10357,103,1,0,0,0,0,284,2944,347,0,0,0,0,1,10,363015,467966,464990,1,1,0,0,0,33342
398,266339,2409,1572,1,0,0,1,0,107,3256,92,61,6,0,0,1,6,411697,467978,467966,1,0,0,0,1,33287
399,29435,5450,12,1,0,1,0,1,1,45,6,0,9,0,0,1,12,428158,467978,467472,1,1,0,0,0,33235
400,3027,4092,7,1,1,1,1,1,53,396,18,30,2,1,0,0,11,400721,467978,467959,1,1,0,0,0,33163
401,44410,2837,441,0,1,1,0,0,274,3313,15,1667,9,0,0,0,20,464135,467978,467972,1,0,1,0,0,33061
402,10993,3592,249,0,0,1,0,0,16,46,2,0,0,0,0,1,29,466547,467980,467979,0,0,1,0,0,33004
403,249164,7115,619,1,0,0,1,0,373,20433,191,0,16,0,0,1,6,410970,467978,467978,1,0,1,0,0,33003
404,1434252,4478,991,1,1,1,1,0,348,9886,317,3370,15,0,1,0,8,423100,467980,467977,1,0,0,1,0,32944
405,106471,8024,129,0,1,0,0,0,178,769,24,98,20,1,0,0,9,376261,467979,467405,1,0,1,0,0,32885
406,5250,3982,76,1,1,1,0,1,417,2193,0,9,4,1,0,0,9,396494,467979,467647,1,0,0,0,0,32879
407,38783,3145,208,1,0,1,0,0,15,113,16,0,0,0,0,0,0,466035,467980,467978,0,1,0,0,0,32860
408,125292,2909,146,1,0,1,1,0,411,8906,1487,8686,11,0,1,0,11,435008,467979,467976,1,1,0,0,0,32788
409,1088,4376,27,0,0,1,1,0,222,1198,83,0,0,1,0,0,8,381359,467970,466687,1,1,0,0,0,32758
410,12602,8524,39,0,0,0,0,1,220,1425,31,0,4,0,0,1,5,378923,467980,467445,0,0,0,0,0,32755
411,1653,7295,279,0,0,0,0,0,54,434,22,0,0,0,0,1,21,391431,467979,467883,0,0,0,0,1,32691
412,1091,2559,73,1,0,1,0,1,66,499,0,0,9,0,0,0,5,417758,467979,467401,0,0,0,0,1,32682
413,20100,1858,56,0,0,0,1,0,175,1854,16,2025,9,1,0,0,10,415989,467978,467854,1,1,0,0,0,32624
414,50653,1863,121,1,1,1,0,0,204,1718,45,378,0,0,1,0,11,390072,467970,466619,1,1,0,0,0,32583
415,124,1707,190,1,0,1,0,1,16,59,5,0,0,0,0,1,7,431586,467977,465092,0,0,0,0,0,32555
416,11887,5938,26,1,1,1,0,1,10,2376,3,2099,4,0,0,0,3,421342,467979,467050,1,0,0,0,0,32489
417,411343,4387,2976,1,0,1,0,0,319,27200,154,0,18,0,0,1,16,395245,467977,467980,1,0,0,1,0,32468
418,4485,3581,225,1,0,1,1,0,337,2602,78,52,5,0,0,1,11,384075,467976,467978,1,1,0,0,0,32434
419,44432,6993,258,1,1,1,1,0,173,1893,21,201,9,0,0,1,6,426539,467978,467908,1,0,1,0,0,32423
420,7143,2090,394,1,0,1,0,0,358,1560,34,0,9,0,0,0,5,422510,467979,467977,1,1,0,0,0,32420
421,13934,2681,813,0,0,1,1,1,398,1718,333,1179,9,0,1,0,8,415958,467979,467697,1,0,1,0,0,32367
422,80071,5013,0,1,0,0,1,0,332,11437,27,0,10,0,0,1,1,401829,467979,466757,1,0,0,0,0,32361
423,27578,5083,434,0,0,1,1,0,405,6616,190,60,4,0,0,1,5,436137,467978,467916,1,1,0,0,0,32349
424,4168390,8875,9,1,1,1,0,0,109,1425,12,113,0,0,0,1,1,407530,467979,467957,1,0,0,0,0,32330
425,365050,6219,7,1,0,1,0,1,6,405,0,0,5,0,0,1,9,441864,467974,467904,1,0,0,0,0,32320
426,56968,5179,403,1,0,0,0,0,164,2872,551,0,5,0,0,1,5,394792,467972,467350,1,0,1,0,0,32170
427,5286,1647,900,1,0,1,0,1,129,1902,35,158,6,0,0,1,8,375861,467979,467470,1,0,0,0,1,32153
428,47327,10603,269,0,1,0,1,1,39,1430,6,694,20,0,0,1,8,408300,467978,467972,1,0,1,0,0,32153
429,287169,2875,1785,1,1,1,1,0,237,24264,62,17,14,0,0,1,7,401498,467979,467980,1,0,1,0,0,32080
430,60810,7793,7862,1,0,1,0,0,67,2497,200,0,5,0,0,0,6,394804,467979,467409,0,0,0,0,0,32047
431,4791,2792,28,1,0,1,1,0,376,3096,73,0,2,0,0,1,4,373993,467980,467752,0,1,0,0,0,31918
432,1949,2683,200,1,0,1,0,1,268,993,39,0,16,0,0,1,7,382839,467978,467839,1,0,1,0,0,31906
433,413383,9084,2623,1,0,1,0,0,338,51551,331,0,3,0,0,1,18,387360,467977,467964,1,1,0,0,0,31754
434,7113,8435,52,1,0,1,0,0,365,1757,98,0,0,0,0,0,9,406041,467979,467888,1,0,0,1,0,31720
435,6121,4315,1043,1,0,1,1,0,375,5176,89,0,12,0,0,1,9,403087,467978,467963,1,0,0,0,1,31609
436,19788,1657,573,0,0,0,1,0,357,1931,36,0,8,0,1,0,7,392380,467976,467715,1,1,0,0,0,31549
437,30690,2131,164,0,0,0,0,0,185,5050,39,0,10,0,0,1,3,384060,467979,467960,1,0,0,0,1,31488
438,50650,7999,293,1,1,0,0,0,30,596,10,23,6,0,0,1,4,407094,467973,466676,0,0,0,0,1,31472
439,96044,1138,2903,0,1,1,1,0,190,9306,42,2399,20,0,1,0,16,433616,467979,467978,1,0,1,0,0,31465
440,8283,7991,2812,1,0,1,0,0,41,2627,41,0,6,0,0,1,11,380614,467978,467322,0,0,0,0,1,31391
441,4488,2221,2410,1,0,1,0,1,36,505,1,0,0,0,0,1,1,427615,467980,467899,0,0,0,0,0,31340
442,244573,2685,723,0,0,1,1,0,303,15031,30,0,18,0,1,0,8,431867,467980,467980,1,0,0,0,1,31322
443,34222,5684,352,1,0,1,0,1,1,6572,42,0,10,0,0,1,1,442077,467980,467978,0,0,0,0,0,31279
444,26010,5795,1940,1,0,0,0,0,432,5257,81,0,20,0,1,0,27,404642,467979,467905,1,1,0,0,0,31265
445,8803,1927,129,1,0,1,0,1,56,693,31,0,1,0,0,1,5,383001,467971,466761,0,1,0,0,0,31244
446,2139,12004,27,1,0,1,0,1,111,958,5,0,2,0,0,1,12,385809,467979,467055,1,0,1,0,0,31225
447,88152,15326,563,1,0,1,1,0,358,11162,4171,0,0,0,0,1,9,358131,467979,467980,1,0,1,0,0,31218
448,241702,9324,7,1,1,0,1,0,114,3703,46,373,8,0,0,1,9,366224,467980,467926,0,0,1,0,0,31062
449,57431,3702,278,0,0,1,1,0,396,10322,92,1430,11,0,0,0,12,351742,467979,467932,1,1,0,0,0,31051
450,58570,9423,273,1,0,1,0,1,21,435,9,0,0,0,0,0,1,415278,467977,466773,0,1,0,0,0,31051
451,4398,8147,49,1,1,0,0,1,85,1265,132,100,0,0,0,1,49,358666,467938,453606,1,1,0,0,0,31030
452,5906,974,10,1,0,1,1,0,170,894,5,0,0,0,1,0,8,431883,467980,467979,1,1,0,0,0,31014
453,1549,2318,32,0,0,0,1,1,78,441,8,0,8,1,0,0,9,416674,467979,467693,1,0,0,0,1,30959
454,934,4250,41,0,0,0,0,1,266,798,3,0,0,0,0,1,12,390058,467979,467882,0,0,0,0,0,30740
455,712082,6285,279,1,1,1,1,1,3,1203,8,974,11,0,0,1,1,394771,467980,467936,0,0,0,0,0,30642
456,91,2435,14,1,1,1,0,1,28,104,0,53,9,0,0,1,10,424476,467977,465963,0,0,0,0,0,30611
457,56033,6673,658,1,0,1,0,1,37,523,14,0,0,0,0,0,1,374690,467978,460555,0,1,0,0,0,30597
458,1410,7310,3,1,0,1,0,1,46,306,4,0,4,0,0,1,1,434187,467980,467666,1,0,0,0,0,30518
459,141665,1565,158,0,0,1,0,0,433,5542,906,5500,11,0,1,0,13,448835,467980,467979,1,0,0,1,0,30499
460,130879,3529,306,1,1,1,0,0,277,8679,29,662,20,0,1,0,14,433659,467978,467980,1,0,0,1,0,30472
461,347422,6261,1740,1,0,1,1,0,121,5997,10,0,5,0,0,0,33,441365,467979,467979,0,0,1,0,0,30468
462,10388,1365,151,1,0,1,1,0,108,1682,6,0,7,0,0,1,17,441112,467978,467972,1,0,0,1,0,30463
463,106664,2045,21,0,1,1,0,0,66,715,6,30,5,1,0,0,9,398637,467976,467969,1,0,1,0,0,30427
464,31225,3271,1004,1,0,1,0,0,57,5321,181,0,8,0,0,1,22,358564,467979,467746,1,0,0,0,1,30367
465,1348,3507,17,1,0,1,0,1,30,262,25,0,13,0,0,0,7,440715,467979,467227,1,1,0,0,0,30320
466,210875,4745,1451,1,0,1,0,0,191,17884,1379,0,4,0,0,1,4,399975,467978,467979,1,0,0,0,1,30273
467,239972,12391,874,0,0,1,1,0,417,19827,482,0,7,0,0,0,12,396924,467979,467980,1,0,1,0,0,30270
468,867736,13193,459,1,1,1,1,0,285,70461,485,738,1,0,0,1,2,365184,467979,467964,1,0,0,1,0,30264
469,381,3525,28,0,0,1,0,1,229,576,1,0,0,0,0,1,6,390216,467978,467937,0,0,0,0,0,30196
470,56563,5753,90,1,0,0,1,0,402,30418,1151,0,20,0,0,1,49,352481,467979,467977,1,0,0,1,0,30172
471,13740,1480,268,1,1,1,1,1,45,459,25,159,10,0,0,1,23,442013,467977,465132,1,0,0,0,1,30091
472,14800,2404,579,0,0,1,0,0,120,802,12,0,6,1,0,0,10,417286,467977,467287,1,0,0,1,0,29997
473,51869,1896,342,1,1,1,1,1,131,520,3,83,4,0,0,0,9,439065,467978,467510,1,1,0,0,0,29959
474,49483,3354,413,1,0,1,0,0,393,10786,246,0,6,0,0,0,33,393261,467975,467865,0,0,0,1,0,29931
475,9107,2558,34,1,0,1,0,0,79,639,133,291,5,0,0,1,10,464218,467980,467962,1,1,0,0,0,29899
476,3740550,2644,2124,1,1,1,1,0,391,7121,37,4480,13,0,1,0,20,424802,467975,467980,1,0,1,0,0,29767
477,11323,5576,26,1,0,1,1,0,350,4667,168,0,2,0,0,1,12,369573,467979,467953,1,0,0,1,0,29759
478,8380,3322,39,0,0,1,1,0,151,2998,864,2935,6,1,0,0,8,364303,467979,467962,1,0,0,1,0,29751
479,12852,9344,297,0,1,0,1,0,381,4219,128,403,0,0,0,1,7,399465,467979,467970,1,0,0,0,1,29689
480,19269,5366,14,1,0,1,1,1,44,1640,3,0,17,0,0,1,15,416754,467978,466918,1,1,0,0,0,29684
481,668,1969,26,1,1,1,0,1,60,367,11,70,11,0,0,1,7,405878,467973,467839,1,0,0,0,0,29682
482,23385,3450,280,1,0,1,1,0,130,2379,6,0,12,0,0,0,9,454282,467980,467980,1,0,1,0,0,29672
483,30935,6443,1048,1,0,1,1,0,457,3531,128,0,0,1,0,0,6,403097,467979,467878,1,1,0,0,0,29648
484,25091,4010,69,1,1,1,1,1,91,434,9,271,0,0,0,1,1,454088,467980,467719,1,1,0,0,0,29604
485,4686,4686,218,1,0,1,0,1,2,322,1,0,3,0,0,1,1,413716,467979,465501,0,0,0,0,0,29556
486,73958,10069,14,0,0,0,1,0,384,35740,3051,0,3,0,0,1,3,377175,467978,467979,1,1,0,0,0,29521
487,14194,10162,112,1,0,1,1,1,11,734,3,0,9,0,0,1,4,419520,467980,467190,1,1,0,0,0,29508
488,3781,1020,19,0,1,0,1,1,97,879,4,263,4,1,0,0,6,389862,467979,467963,1,1,0,0,0,29489
489,24515,4872,176,0,0,0,0,0,131,4168,110,1,5,0,0,1,7,385158,467979,467977,1,0,1,0,0,29484
490,122997,5598,53,1,0,1,1,0,342,17241,630,0,0,0,0,1,24,366257,467977,465401,1,1,0,0,0,29470
491,2068,7254,8,1,0,1,0,1,90,437,4,0,13,1,0,0,14,424379,467979,467233,0,0,0,0,0,29361
492,531314,7232,999,0,1,0,0,0,395,3989,15,0,3,0,0,1,2,427405,467978,467921,1,0,1,0,0,29341
493,8698144,18806,1965,1,0,1,0,1,7,7691,259,0,8,0,0,1,8,439120,467971,467728,1,0,0,0,0,29275
494,164709,5848,14,1,1,1,0,1,134,1958,211,176,4,0,0,1,3,359282,467977,463742,1,0,0,0,1,29264
495,6060436,18656,5484,1,0,0,0,0,264,159345,5040,64158,7,1,0,0,8,388882,467979,467980,1,0,0,1,0,29185
496,27110,7974,160,1,1,1,0,0,37,290,16,8,0,0,0,1,9,416160,467979,467352,1,0,1,0,0,29154
497,8943,6187,117,0,0,0,1,0,185,1457,95,1,10,1,0,0,19,395625,467976,466552,1,1,0,0,0,29140
498,199,2923,39,0,0,1,0,1,36,109,11,0,0,0,0,1,5,387180,467971,465224,0,1,0,0,0,29132
499,72720,8296,10,1,0,1,0,1,35,1730,81,0,8,0,0,0,16,392449,467980,467300,1,0,1,0,0,29095
500,16950,1907,33,1,0,0,1,0,16,10032,267,0,0,0,0,1,3,398154,467980,467946,0,0,0,1,0,29030
501,836,8806,186,0,0,1,0,1,120,761,375,0,3,0,0,1,10,365340,467979,467796,1,1,0,0,0,29018
502,6084,7394,18,1,1,1,0,1,23,367,0,73,13,0,0,1,40,421708,467978,467325,1,0,0,1,0,28996
503,1073,12288,5,1,0,1,0,1,8,213,1,0,20,0,0,1,9,410640,467977,464516,1,0,0,0,0,28940
504,61724,3121,977,1,0,1,0,1,416,16577,430,0,9,0,0,1,3,352527,467980,467900,1,0,0,1,0,28926
505,24841,7177,13,1,0,1,0,1,73,472,10,0,0,0,0,1,5,371746,467979,467764,0,1,0,0,0,28922
506,125149,2954,249,0,1,1,1,0,428,5359,107,12,2,0,1,0,6,396216,467977,467979,1,0,1,0,0,28909
507,714371,8258,15,1,0,1,0,0,15,132,2,0,0,0,0,1,1,428576,467979,455926,1,0,0,0,0,28900
508,130830,4329,419,1,0,1,1,1,32,176,2,0,4,0,0,0,14,452302,467978,467593,0,0,0,1,0,28887
509,1060792,5721,3195,1,0,1,1,0,301,115624,370,0,9,0,0,1,9,406898,467979,467980,1,0,1,0,0,28822
510,5534,4540,218,1,0,1,1,0,11,106,23,0,7,0,0,0,10,448920,467979,466712,0,0,0,1,0,28778
511,498,3283,13,1,0,1,0,0,66,169,0,0,6,1,0,0,8,416332,467956,463802,0,1,0,0,0,28720
512,498,7727,63,1,0,1,0,1,34,148,21,0,0,0,0,1,9,445977,467978,467173,0,1,0,0,0,28701
513,1308,5035,103,0,0,0,0,1,260,1567,22,0,8,0,0,1,12,384837,467980,467558,0,0,0,0,1,28663
514,4412744,7217,1,1,0,1,0,1,53,184,8,0,5,0,0,1,13,431782,467978,467687,1,0,0,0,1,28567
515,139457,3935,67,0,1,0,0,0,130,2047,14,71,10,0,0,1,7,397314,467973,467922,1,0,1,0,0,28457
516,19220,1972,77,1,0,1,0,0,216,1649,4,0,8,1,0,0,9,430544,467975,466733,0,1,0,0,0,28443
517,994,5823,40,1,1,1,0,1,19,132,7,12,3,0,0,1,38,385736,467973,464419,1,0,0,1,0,28442
518,397139,2843,690,1,0,0,0,0,80,2365,12,0,0,1,0,0,14,395679,467979,467550,0,1,0,0,0,28437
519,25187,1362,122,1,0,1,1,1,94,2664,19,0,19,0,0,1,19,445832,467980,467979,1,0,0,0,1,28361
520,253518,9094,764,0,0,1,1,0,368,64874,2886,0,7,0,0,1,4,350720,467979,467979,1,1,0,0,0,28349
521,3191359,6950,1101,1,1,1,0,0,356,73384,526,3,19,0,0,0,17,415210,467979,467979,1,1,0,0,0,28275
522,60251,5937,57,1,0,1,0,1,57,3297,16,0,0,1,0,0,4,384308,467977,463841,0,0,0,1,0,28267
523,117300,4633,902,0,1,1,1,1,45,1066,61,186,3,0,1,0,3,364099,467967,467149,1,1,0,0,0,28225
524,73004,13960,196,1,1,0,0,0,293,2905,262,34,0,1,0,0,16,363086,467977,467941,1,0,0,1,0,28215
525,329,1859,159,1,1,1,0,1,14,147,1,17,0,0,0,1,2,407448,467971,452377,1,1,0,0,0,28214
526,3558,2417,103,0,0,0,0,0,164,1948,83,0,10,1,0,0,10,395083,467972,467919,1,1,0,0,0,28200
527,33148,2820,77,1,1,1,1,1,68,440,9,12,11,0,0,1,11,392003,467980,467757,0,1,0,0,0,28170
528,117427,1489,495,1,0,0,1,0,258,4024,9,3702,10,1,0,0,11,405934,467979,467922,1,1,0,0,0,28167
529,21247,3206,32,0,0,0,0,1,277,1911,4,0,3,0,0,0,7,394525,467979,467860,1,0,0,1,0,28165
530,1099,6459,162,1,0,1,0,0,10,64,6,0,5,0,0,1,6,381004,467977,467845,1,1,0,0,0,28115
531,52511,10138,150,1,1,1,1,0,141,2838,8,408,6,0,0,1,13,404740,467978,467899,1,0,1,0,0,28074
532,16993,9593,132,0,1,1,0,0,311,1209,25,75,5,1,0,0,6,399166,467971,467664,1,1,0,0,0,28037
533,27144,5539,71,1,1,1,0,1,286,3454,560,7,0,1,0,0,12,357182,467968,464673,1,1,0,0,0,28007
534,16016,13417,129,0,1,1,1,1,82,1317,696,3230,6,1,0,0,4,407382,467977,467970,1,1,0,0,0,27980
535,3677,5982,1386,0,0,1,0,1,134,925,93,0,0,1,0,0,6,387668,467978,467189,1,1,0,0,0,27978
536,2586,3995,285,1,0,1,1,1,162,588,64,0,0,0,0,1,7,466237,467980,467976,0,1,0,0,0,27914
537,43529,4198,840,0,0,1,1,0,379,10037,327,0,18,1,0,0,31,355489,467978,467979,1,1,0,0,0,27913
538,15554,2688,94,0,1,0,1,0,159,3320,39,28,10,1,0,0,7,383834,467979,467944,1,1,0,0,0,27887
539,6820,2455,23,1,1,1,0,1,230,1883,149,151,3,1,0,0,7,354279,467980,466044,1,1,0,0,0,27857
540,6978,3766,150,0,0,0,0,0,144,1770,48,0,20,0,0,0,22,369487,467979,467920,1,0,0,0,1,27803
541,26472,7065,232,1,0,1,1,0,61,1071,8,0,7,0,0,1,1,421629,467979,467905,1,0,1,0,0,27802
542,684224,10147,61,1,1,1,0,1,10,117,58,7,2,0,0,1,1,419380,467979,465314,0,0,0,0,0,27798
543,84827,2413,1125,1,0,1,0,0,302,23792,29,0,5,0,0,1,3,420828,467980,467975,1,0,0,0,1,27739
544,14104,4933,61,1,1,1,0,0,243,2534,14,145,3,0,0,1,8,403836,467978,467574,0,1,0,0,0,27723
545,249043,3814,1253,0,0,0,1,0,396,17371,305,35624,3,0,0,1,13,395778,467980,467977,1,0,0,0,1,27710
546,30958,11606,304,1,0,1,0,1,412,3166,79,0,0,0,0,0,3,367395,467978,467872,1,1,0,0,0,27676
547,13761,746,40,1,0,1,1,0,133,1611,29,0,8,0,1,0,11,423491,467979,467915,1,1,0,0,0,27649
548,25543,6618,150,0,0,0,1,0,387,12126,1477,0,6,0,0,1,4,363195,467979,467967,1,1,0,0,0,27622
549,41410,5559,24,1,1,1,1,1,253,2773,55,266,0,1,0,0,23,373577,467979,467938,1,1,0,0,0,27586
550,13995,1325,117,1,1,1,1,0,355,2459,244,313,13,0,0,0,9,420392,467979,467970,1,0,1,0,0,27544
551,1740,697,91,0,0,0,1,1,150,1266,9,0,9,0,0,0,8,415095,467979,467930,0,0,1,0,0,27518
552,10310,1569,18,1,1,0,1,0,368,3887,333,20,5,0,1,0,5,383345,467964,467832,1,1,0,0,0,27496
553,178768,1781,398,0,0,1,0,0,228,4666,94,0,20,0,0,1,8,429612,467980,467977,1,1,0,0,0,27482
554,0,1511,0,0,1,0,0,1,1,1,10,60,7,0,0,1,9,400814,467971,452935,0,0,0,0,0,27479
555,841,2260,83,1,0,1,0,1,239,650,3,0,8,0,0,1,14,390188,467980,467889,0,0,0,0,1,27413
556,8522,7170,1,1,0,1,0,0,41,1275,13,4,6,1,0,0,4,400802,467972,467972,1,1,0,0,0,27412
557,4676,24357,47,0,0,1,1,1,83,915,212,653,5,0,1,0,12,466236,467980,467978,1,0,0,1,0,27381
558,276458,986,342,0,0,1,1,0,216,7182,3541,24,11,0,0,0,5,420534,467978,467977,1,0,1,0,0,27377
559,6303,2021,89,0,0,1,1,0,450,3660,42,0,4,1,0,0,8,409741,467979,467976,1,0,0,1,0,27353
560,65562,8624,268,0,0,1,1,0,98,4268,58,32,7,0,0,1,1,422671,467979,467979,1,0,0,0,1,27327
561,7768,4357,70,1,0,1,0,1,40,790,3,0,10,0,0,0,13,397288,467971,462411,0,0,0,1,0,27297
562,3093,2255,155,0,1,1,1,0,165,1127,32,567,11,0,0,1,8,406462,467977,467850,1,0,0,0,1,27268
563,140305,3310,23,1,1,1,1,1,21,249,4,5,3,0,0,1,15,415585,467979,467589,0,0,0,0,0,27252
564,14739,2774,848,1,0,1,1,1,32,970,9,0,0,0,0,1,1,417045,467979,467763,0,0,0,1,0,27213
565,354320,2683,3155,0,1,1,0,0,255,13221,181,29712,20,0,1,0,16,442630,467979,467980,1,0,1,0,0,27197
566,158,4757,348,1,0,1,0,1,13,235,5,0,0,1,0,0,7,391664,467970,467014,1,1,0,0,0,27168
567,2544349,3444,6677,1,0,1,1,0,331,81146,628,0,6,0,0,1,9,386562,467980,467980,1,0,0,1,0,27161
568,32306,4464,299,0,0,0,1,1,8,1944,3,0,4,0,1,0,3,434937,467979,467912,1,0,1,0,0,27148
569,36129,4917,286,0,0,1,0,0,88,791,23,0,7,0,0,1,11,430188,467980,467859,0,1,0,0,0,27136
570,70241,11639,0,0,0,0,0,0,406,63882,4108,0,0,0,0,1,7,345230,467920,467546,1,0,0,0,0,27120
571,86471,7597,245,1,1,1,0,0,97,706,14,203,20,0,0,1,13,414728,467979,467271,1,0,0,1,0,27097
572,83508,5275,60,1,1,1,0,0,112,10074,93,46,9,0,0,0,7,372412,467976,467980,1,0,0,1,0,27048
573,21769,3135,597,0,0,0,1,1,463,4058,42,320,8,0,1,0,12,407276,467979,467954,1,1,0,0,0,27046
574,26636,958,107,0,0,1,1,1,56,757,3,0,0,0,0,1,7,432819,467980,467950,0,1,0,0,0,26995
575,1188,7157,45,1,1,1,0,1,23,709,8,105,6,0,0,1,8,420411,467972,462942,1,1,0,0,0,26965
576,6910,5605,49,1,1,1,0,1,260,2830,598,37,0,1,0,0,4,349021,467972,467481,1,1,0,0,0,26962
577,437,6150,24,1,1,1,1,1,35,298,1,4,5,0,0,1,12,410007,467972,467461,1,0,0,0,1,26891
578,81464,8395,2632,1,0,0,0,0,204,6854,16,0,0,0,0,1,2,366743,467978,467960,1,0,1,0,0,26880
579,382515,1857,162,0,1,1,0,0,360,9241,317,3305,18,1,0,0,10,402127,467976,467912,1,1,0,0,0,26872
580,28900,2596,81,0,0,1,0,0,282,4058,49,0,9,0,0,1,7,386594,467968,467785,1,0,0,1,0,26867
581,2403,3612,429,1,1,1,1,0,136,1080,60,33,10,1,0,0,14,385396,467978,467412,1,1,0,0,0,26849
582,199,3315,256,1,0,1,0,0,5,252,0,0,5,1,0,0,1,429965,467978,445795,1,0,0,0,0,26834
583,10515,6500,50,1,1,1,0,0,23,695,21,2,4,0,0,1,17,394126,467976,466901,1,0,0,1,0,26809
584,3199,1061,89,0,0,0,1,0,155,787,10,10,13,0,1,0,5,436740,467979,467889,1,1,0,0,0,26754
585,10094,3504,234,0,0,1,0,1,387,2632,39,0,0,0,0,1,11,366281,467978,460419,0,1,0,0,0,26725
586,190655,5879,905,1,0,1,0,1,141,1789,118,0,0,0,0,1,11,396341,467979,467237,0,0,1,0,0,26722
587,49,675,85,1,0,1,1,1,11,76,0,0,7,0,0,1,9,447331,467974,465412,0,0,0,0,0,26687
588,72816,1024,55,0,0,0,1,0,113,1384,6,10,6,0,1,0,4,449779,467979,467937,1,1,0,0,0,26671
589,2027127,7554,200,1,1,1,0,0,377,29712,776,106,7,0,0,1,6,377272,467977,467979,1,0,1,0,0,26626
590,868034,5420,104,1,0,1,1,1,7,73,6,0,2,0,0,1,39,422060,467971,457229,0,0,0,0,0,26618
591,2661,4567,38,1,0,1,0,0,273,1733,4,0,14,1,0,0,12,416640,467976,467810,1,0,0,0,1,26580
592,13110,7735,85,1,0,1,0,1,25,173,2,0,4,0,0,0,6,413642,467980,466832,0,1,0,0,0,26571
593,198584,9331,632,0,1,1,1,0,315,5699,116,17483,8,1,0,0,10,404827,467980,467939,1,0,1,0,0,26551
594,108123,4501,161,0,1,1,0,0,177,2267,39,595,1,1,0,0,6,350025,467977,467733,1,1,0,0,0,26526
595,3143,9046,565,1,1,1,1,0,191,1964,21,39,6,1,0,0,4,387179,467979,467890,1,0,1,0,0,26481
596,19247,1756,43,1,1,0,1,0,288,3211,63,354,5,0,1,0,4,396201,467979,467331,1,1,0,0,0,26471
597,208392,4589,797,0,0,1,0,0,399,21663,55,0,6,0,0,1,3,405761,467979,467979,1,0,1,0,0,26463
598,428465,4304,1255,0,0,1,0,0,358,20018,208,33483,7,0,0,1,20,384328,467978,467942,1,0,0,0,1,26430
599,52147,11775,229,1,0,1,0,0,312,4612,62,0,13,0,0,1,15,424729,467980,467975,1,0,1,0,0,26419
600,9713,1594,13,1,1,1,1,0,128,2572,48,452,10,0,1,0,13,366142,467978,467974,1,1,0,0,0,26390
601,217564,1320,47,0,1,1,0,0,283,3510,308,1846,15,0,0,1,8,438646,467979,467931,1,1,0,0,0,26344
602,1584,7708,20,1,1,0,0,0,31,213,3,5,1,0,0,1,1,401812,467979,461597,1,0,0,1,0,26324
603,53890,7117,4,0,0,1,1,0,235,4582,11,50,7,0,0,1,8,388153,467980,467939,1,0,0,1,0,26313
604,6902,5863,115,1,0,1,0,0,371,2318,34,0,4,0,0,1,7,361149,467971,466421,1,0,0,1,0,26292
605,573,1730,145,1,0,0,0,0,43,530,15,0,6,0,0,1,4,384106,467978,467943,0,1,0,0,0,26216
606,709513,2707,150,1,0,0,1,1,32,756,7,0,3,0,0,1,5,397729,467978,467539,1,1,0,0,0,26214
607,5251,2687,319,1,1,1,0,1,33,401,41,0,0,0,0,1,12,351113,467961,466067,1,0,0,1,0,26207
608,201290,4125,105,0,0,0,1,0,401,15920,49,1,17,0,0,0,8,390105,467978,467978,1,1,0,0,0,26176
609,410304,2149,19,1,0,0,1,0,75,1270,8,0,0,0,0,1,2,458208,467978,465263,0,0,0,0,1,26167
610,25,9096,11,1,0,1,0,0,3,26,0,0,0,0,0,1,7,391706,467978,446212,1,0,0,0,0,26160
611,19110,4046,294,0,1,1,1,1,365,4220,71,8,0,0,1,0,5,391390,467978,467746,1,1,0,0,0,26158
612,125336,12114,239,0,0,0,0,0,424,10485,270,0,4,0,1,0,4,398174,467976,467977,1,1,0,0,0,26100
613,282019,1884,1344,1,0,0,0,0,141,33517,191,0,0,0,0,1,7,375432,467962,467113,1,0,0,1,0,26088
614,163339,1481,371,0,0,1,1,0,138,7724,66,0,8,0,0,1,8,421398,467979,467877,1,0,0,1,0,26073
615,232820,4610,1550,0,0,0,0,0,77,5802,8,0,4,1,0,0,2,406827,467978,467758,1,0,1,0,0,26066
616,295471,18997,548,1,0,1,1,1,426,5993,875,0,5,0,0,1,3,417962,467979,467975,0,0,0,1,0,26018
617,2890,3606,107,1,0,1,1,0,64,1496,37,0,6,0,0,1,18,446868,467979,467957,1,0,0,0,1,25991
618,8495,10250,205,1,0,1,0,1,2,159,6,0,0,0,0,1,1,420843,467978,466388,1,0,0,0,0,25927
620,19138,5003,416,0,0,0,0,0,413,7142,358,0,0,1,0,0,6,359720,467971,467379,1,1,0,0,0,25893
621,9168,4747,429,1,1,1,0,0,31,700,7,53,15,0,0,1,14,428143,467980,466146,1,0,0,0,1,25828
622,4492,5511,326,0,0,1,0,0,35,143,13,0,0,0,0,0,15,418668,467964,467745,0,0,1,0,0,25749
623,18998,7235,989,1,1,1,0,0,170,1557,35,0,0,0,0,1,4,377237,467979,467974,0,0,1,0,0,25743
624,534,3200,16,0,1,0,0,0,64,656,77,5,4,1,0,0,4,392538,467970,467820,1,1,0,0,0,25722
625,30548,888,118,0,0,1,1,0,278,3134,6188,46703,6,0,1,0,11,443059,467979,467979,1,1,0,0,0,25714
626,672495,1138,83,0,0,1,1,0,160,3476,213,1062,5,0,1,0,8,422338,467979,467964,1,1,0,0,0,25695
627,7162,1891,42,0,1,0,0,0,47,293,324,176,20,1,0,0,7,420872,467977,467386,1,1,0,0,0,25693
628,6120,2145,69,1,0,1,1,0,242,1686,53,0,13,0,0,1,6,395892,467979,467823,1,1,0,0,0,25680
629,310741,4460,2837,1,0,1,0,0,423,17475,132,24,19,0,0,0,29,410390,467979,467979,1,0,1,0,0,25671
630,106960,3738,288,1,1,1,1,0,402,19397,351,636,5,1,0,0,10,352936,467974,467941,1,1,0,0,0,25668
631,344,5341,9,0,0,0,0,1,48,342,0,5,3,1,0,0,6,396539,467980,465956,0,1,0,0,0,25652
632,21687,7834,438,1,0,1,0,0,167,2439,17,0,20,0,0,1,17,420039,467978,467980,1,0,1,0,0,25642
633,41949,5270,160,1,1,1,1,0,363,8461,259,463,0,1,0,0,4,357821,467979,467978,1,0,0,1,0,25640
634,2290,3235,103,0,0,0,0,0,277,2270,133,0,0,1,0,0,5,359923,467978,467798,0,0,1,0,0,25627
635,3909,4675,115,0,1,0,0,1,89,1016,29,9,0,0,0,1,9,378458,467979,466686,1,0,1,0,0,25624
636,1090,7641,28,1,0,1,0,1,2,140,5,0,7,0,0,1,14,423669,467977,463108,0,1,0,0,0,25605
637,1697,4200,1,1,0,1,1,1,120,1490,55,0,7,0,0,0,4,463905,467979,467971,0,0,0,0,1,25605
638,13998,6383,99,0,1,0,0,0,403,2654,174,0,4,1,0,0,20,369685,467967,467859,1,1,0,0,0,25604
639,96281,1879,440,1,1,0,0,0,79,3330,86,107,4,0,1,0,12,401651,467980,467826,1,0,1,0,0,25588
640,172065,7759,199,1,1,1,0,1,136,1119,19,11,6,0,0,1,25,377266,467975,467749,1,1,0,0,0,25586
641,51134,6591,134,0,1,0,1,0,387,8684,354,108,4,0,0,0,5,360851,467978,467878,1,0,0,1,0,25585
642,8675,3789,1011,0,1,1,0,0,83,2379,68,0,0,1,0,0,10,387837,467979,466032,1,0,1,0,0,25582
643,5311,2322,188,1,0,1,1,1,27,757,3,0,6,1,0,0,25,429696,467979,467575,0,1,0,0,0,25574
644,73614,2176,1136,0,1,1,0,0,211,3924,27,4,13,0,0,1,6,406574,467979,467977,1,0,0,0,1,25560
645,950,2474,9,1,0,1,0,1,376,1068,6,0,3,0,0,1,12,394483,467980,467926,0,0,0,0,0,25553
646,22596,764,638,1,0,1,1,0,134,2617,8,0,0,0,0,0,8,421635,467980,467980,1,0,1,0,0,25525
647,628,2216,14,0,0,0,0,0,9,67,0,0,10,1,0,0,9,445432,467979,465939,1,1,0,0,0,25487
648,37844,3116,48,0,1,1,1,1,22,821,28,168,0,0,0,1,0,424677,467979,467738,0,0,0,0,1,25483
649,166157,3373,1754,0,0,1,1,0,322,35262,361,0,7,0,0,1,8,383385,467979,467893,1,1,0,0,0,25474
650,19310,3046,192,1,1,0,1,0,276,2613,214,83,6,1,0,0,15,348302,467976,466815,1,1,0,0,0,25466
651,28689,1493,17,1,0,1,1,0,73,1813,30,585,9,0,1,0,12,405347,467978,467948,1,1,0,0,0,25465
652,746690,6140,828,0,0,0,1,0,387,16831,65,0,7,0,1,0,15,398425,467980,467975,1,0,0,1,0,25435
653,41,2754,18,1,0,1,0,1,5,13,8,0,0,1,0,0,6,404902,467979,467381,0,0,0,0,1,25433
654,272,1962,26,1,0,1,0,1,55,221,0,0,0,0,0,1,8,435536,467976,467119,0,0,0,1,0,25415
655,24826,4138,72,1,1,1,1,0,86,1902,19,11,20,0,0,0,21,430296,467979,467968,1,0,1,0,0,25348
656,15513,6532,2011,1,0,0,0,0,170,3983,48,0,10,0,0,1,12,366745,467980,467929,1,0,1,0,0,25344
657,14446,2759,0,0,1,0,1,1,366,2909,32,1284,18,0,0,1,9,392027,467980,467937,1,0,1,0,0,25326
658,9157,3144,371,0,0,1,0,0,44,344,6,0,0,0,0,0,9,466302,467980,467926,0,0,1,0,0,25316
659,7304,2043,19,1,0,1,0,1,37,360,6,0,10,0,0,1,13,400230,467979,467678,0,0,0,0,1,25311
660,5865,834,27,1,1,1,0,0,177,1374,22,131,5,1,0,0,10,420702,467979,467676,1,1,0,0,0,25300
661,722,1855,130,1,1,1,0,1,33,209,0,13,0,1,0,0,9,382496,467979,459523,1,1,0,0,0,25298
662,48252,1236,104,0,0,0,0,1,180,1848,50,114,17,1,0,0,21,382478,467978,467933,1,0,1,0,0,25290
663,204344,5758,879,1,1,1,0,0,313,11906,249,6194,2,0,0,1,12,376176,467979,467941,1,0,0,0,1,25243
664,2442,1713,11,1,0,0,0,1,155,1288,39,74,4,1,0,0,17,357247,467976,467595,1,1,0,0,0,25226
665,80424,4380,721,1,0,1,0,0,371,16480,562,916,5,0,0,1,10,351123,467977,467921,1,1,0,0,0,25201
666,44586,5151,407,1,0,1,0,0,286,11663,218,0,0,0,0,1,9,371823,467979,467977,1,0,1,0,0,25165
667,8271,1273,14,1,0,0,1,1,112,2466,37,0,7,0,0,0,11,421913,467980,467869,0,0,0,0,1,25151
668,17637,1966,639,0,0,1,1,0,436,2880,39,0,5,0,0,0,7,422169,467980,467980,1,1,0,0,0,25097
669,49025,7581,33,1,0,1,0,1,12,543,3,0,19,0,0,0,29,395006,467978,467578,0,0,0,1,0,25088
670,26862,4541,212,1,0,1,0,0,9,475,7,0,0,0,0,1,1,419140,467977,462988,0,0,1,0,0,25056
671,87254,13041,136,1,0,1,0,1,38,509,20,0,10,0,0,1,6,404342,467978,467228,0,0,1,0,0,25015
672,154,3123,113,1,0,1,0,1,10,147,3,0,0,0,0,1,7,392211,467977,465776,0,0,0,0,1,24967
673,7382,2412,41,0,0,0,1,0,191,1529,41,0,4,0,0,1,5,395250,467978,467726,1,1,0,0,0,24966
674,48092,3140,502,1,1,1,0,1,186,1988,40,139,9,1,0,0,10,401803,467980,467149,1,1,0,0,0,24956
675,159314,12623,1041,0,0,1,0,0,344,11192,349,0,2,0,0,1,4,364836,467980,467980,0,0,1,0,0,24952
676,6985,1442,821,1,1,1,0,1,125,1354,33,7,0,0,0,1,3,372950,467979,467853,1,0,0,1,0,24931
677,70,1784,91,1,0,1,0,1,7,58,0,0,3,0,0,1,8,458350,467979,466846,0,0,0,0,1,24926
678,6255,6755,381,0,0,1,1,0,189,1467,49,0,0,0,0,0,13,435472,467978,467953,1,0,1,0,0,24909
679,2426,1383,542,1,1,1,0,1,200,2057,51,1,6,0,0,1,8,367142,467978,466468,1,0,1,0,0,24901
680,40090,2964,860,0,1,1,1,0,192,1539,30,1427,13,0,0,0,17,438829,467980,467978,1,0,1,0,0,24873
681,169813,3263,337,1,0,1,1,0,262,4719,206,0,0,1,0,0,7,354472,467980,467977,1,0,0,1,0,24861
682,5874,1277,445,1,1,1,1,0,104,1940,116,182,20,0,0,0,9,398143,467979,467949,1,0,0,1,0,24845
683,174917,2670,695,0,0,0,0,0,423,50700,764,0,7,0,0,1,5,428821,467976,467980,1,0,0,0,1,24810
684,154110,11901,198,1,0,1,0,1,71,915,6,0,0,0,0,1,25,429694,467978,467520,0,0,1,0,0,24805
685,2658,1488,137,1,0,1,1,1,82,463,4,0,4,0,0,1,12,421342,467978,466858,0,0,0,0,1,24801
686,267475,2184,618,1,0,1,0,0,165,5528,21,0,8,0,0,0,11,435162,467980,467977,1,0,1,0,0,24800
687,2945,2028,40,1,0,1,1,0,123,1630,70,0,11,0,0,1,6,381482,467979,467936,1,1,0,0,0,24787
688,38037,2807,14,1,1,1,0,0,160,3090,102,15,4,0,0,0,5,370701,467975,467194,1,0,0,0,1,24770
689,132955,13157,87,0,1,1,0,1,469,6071,64,4123,20,0,0,0,35,434174,467976,467951,1,0,0,0,1,24756
690,87026,1474,1007,0,1,1,0,0,90,6116,91,9,11,1,0,0,13,392628,467971,463682,1,1,0,0,0,24740
691,3172,1722,9,1,1,1,0,1,159,1201,39,1,0,1,0,0,5,364816,467973,467815,0,1,0,0,0,24701
692,36984,1234,888,1,0,1,1,0,415,7250,15,0,2,0,0,0,5,432635,467977,467975,1,1,0,0,0,24695
693,8019,5419,58,1,1,1,0,1,37,271,0,87,6,0,0,1,6,427900,467978,465837,1,0,0,0,0,24657
694,20700,3246,177,1,0,1,0,0,52,202,7,0,0,0,0,1,5,376640,467972,463428,0,0,0,0,0,24613
695,14335,1795,50,1,0,1,1,0,414,8844,130,0,9,0,0,1,13,380740,467979,467906,1,1,0,0,0,24610
696,8292,4598,536,0,1,1,0,0,49,382,17,61,0,0,0,1,7,407960,467978,467751,1,1,0,0,0,24602
697,3558,2616,48,1,0,1,1,0,434,2259,23,318,8,1,0,0,11,401302,467979,467862,1,0,0,0,1,24595
698,159813,5257,267,1,1,1,1,1,425,9181,2257,16616,20,1,0,0,4,422961,467979,467977,1,1,0,0,0,24594
699,21360,5896,54,1,0,1,1,0,248,3403,183,2,14,0,0,1,10,348204,467972,467812,1,1,0,0,0,24585
700,6468,1395,143,0,1,1,0,0,56,287,9,10,2,0,0,0,17,413248,467979,466908,0,0,0,1,0,24566
701,333,3016,9,1,1,1,0,1,69,161,5,86,2,0,0,1,12,418257,467979,467665,1,1,0,0,0,24551
702,147,4505,34,1,0,1,0,1,28,168,1,0,3,0,0,1,6,406921,467969,444032,0,0,0,0,0,24483
703,67208,7790,471,0,1,0,0,0,33,548,11,113,20,0,1,0,8,406708,467979,467247,1,1,0,0,0,24477
704,94797,6309,31,0,1,1,1,0,284,1618,45,326,18,0,0,1,18,407956,467979,467979,1,1,0,0,0,24435
705,1742,4687,142,1,1,1,0,1,20,550,5,0,0,0,0,1,19,372899,467978,466450,1,0,1,0,0,24352
706,1885,2110,23,1,1,1,1,1,81,331,2,183,9,0,0,1,25,446357,467979,467151,1,0,0,0,1,24349
707,32974,10097,1153,1,0,1,0,1,56,1723,11,0,10,0,0,1,5,402415,467979,467831,1,0,0,0,1,24345
708,46925,32680,40,1,0,1,0,1,114,392,21,0,0,0,0,1,5,411421,467977,467914,1,0,0,0,0,24341
709,19940,6675,608,1,0,1,0,0,383,6872,31,0,5,0,0,1,4,401131,467973,467979,1,0,1,0,0,24337
710,63816,2862,554,0,0,0,0,0,215,7717,70,0,20,0,0,1,48,383682,467980,467919,1,0,0,0,1,24315
711,1350,916,102,1,0,1,0,1,306,1717,6,0,5,0,0,1,6,398388,467976,467504,0,0,0,0,0,24304
712,507,1985,3,0,0,0,1,1,281,552,13,0,4,0,0,1,7,397158,467979,467954,0,0,0,0,1,24299
713,29623,5259,200,1,0,1,0,1,10,392,32,72,10,0,0,0,36,437267,467974,467768,0,0,0,0,0,24290
714,19847,3428,316,0,0,1,1,0,203,2032,4,0,20,0,0,1,10,443554,467978,467974,1,1,0,0,0,24250
715,57910,8658,778,1,0,1,1,0,373,2539,16,0,18,0,0,0,5,426361,467978,467980,1,0,1,0,0,24237
716,6526,21422,1956,1,0,1,0,1,6,455,94,0,0,0,0,1,3,388106,467978,467913,1,0,0,1,0,24212
717,572,3372,3,1,0,1,0,1,46,473,0,0,14,0,0,1,18,442741,467980,467912,0,1,0,0,0,24205
718,273479,4930,283,1,0,1,0,1,8,1127,2,0,8,0,0,1,2,415660,467978,467377,1,0,1,0,0,24197
719,25614,1294,34,0,1,1,1,1,21,1116,1,549,8,0,1,0,9,456537,467979,467979,1,0,0,0,1,24160
720,26601,8588,385,1,0,1,0,0,413,6358,151,0,6,0,0,1,29,386579,467979,467973,1,0,1,0,0,24157
721,3201,2702,148,1,0,1,1,1,10,216,9,0,0,0,0,1,5,437154,467980,466628,0,0,0,0,1,24137
722,9364,3436,152,1,0,1,0,0,5,37,1,0,3,0,0,0,12,466242,467980,467622,1,0,1,0,0,24038
723,209749,3509,21,0,0,0,1,0,184,1189,12,0,9,0,0,1,10,409937,467978,467926,1,0,1,0,0,24023
724,2166322,5076,60,1,1,1,0,1,139,1137,13,652,14,0,0,1,1,410818,467979,467690,1,1,0,0,0,24013
725,32725,4216,1225,1,0,1,0,0,151,3031,41,0,10,0,0,1,9,408236,467960,464028,1,0,0,1,0,24008
726,4140,4246,80,0,0,1,0,1,162,1136,17,0,0,0,0,1,16,390714,467897,459153,1,1,0,0,0,23991
727,16082,2480,82,0,0,1,1,1,93,2646,47,0,9,0,0,1,22,403919,467978,467910,1,0,0,0,1,23965
728,853920,7391,159,1,0,1,0,0,220,2659,123,3081,8,0,0,1,5,418044,467978,467891,1,0,1,0,0,23924
729,465508,8683,967,1,0,1,1,0,392,5634,104,0,11,1,0,0,20,364097,467978,467840,1,0,1,0,0,23893
730,69504,2407,1435,0,1,1,1,0,436,4255,21,1152,7,0,0,0,9,438711,467979,467979,1,0,1,0,0,23878
731,955,5468,266,1,0,1,0,1,16,188,16,0,4,0,0,0,8,403658,467980,466345,1,1,0,0,0,23865
732,252258,1845,198,1,0,1,1,0,395,8322,101,5,5,0,0,0,5,412459,467971,467959,1,1,0,0,0,23859
733,157839,1102,209,0,1,1,1,0,299,5246,120,795,15,0,1,0,8,400617,467978,467972,1,1,0,0,0,23852
734,8680,2806,1,1,0,1,0,1,70,960,9,0,3,1,0,0,1,413880,467979,467971,0,0,0,0,0,23802
735,266781,3082,1565,1,0,1,1,0,389,25566,563,1,4,0,0,1,4,360407,467977,467977,0,0,0,1,0,23769
736,134283,717,1144,0,0,1,1,0,199,8299,43,495,8,0,1,0,6,403874,467979,467959,1,1,0,0,0,23769
737,37125,79023,185,1,0,1,0,1,3,67,12,0,0,0,0,1,10,421790,467978,467384,0,0,0,0,0,23768
738,14382,8469,789,1,0,1,1,0,267,1676,10,0,14,0,0,1,11,429435,467979,467980,1,0,1,0,0,23766
739,7336,1054,6,0,0,0,1,0,226,1912,11,0,0,0,0,1,11,437480,467974,467936,1,1,0,0,0,23756
740,970536,5518,71,1,0,1,0,0,324,72938,333,0,4,0,0,1,3,342226,467974,467980,1,0,0,1,0,23754
741,68262,2660,1233,1,0,1,0,0,314,10698,122,0,11,0,0,1,7,400362,467976,467823,1,0,0,0,1,23750
742,1310225,3425,34,0,1,1,0,0,324,1576,49,779,7,0,0,0,21,429272,467977,467891,1,0,0,1,0,23722
743,65827,2822,826,0,0,0,1,1,173,2294,53,0,5,1,0,0,7,395526,467975,467955,1,1,0,0,0,23719
744,14787,4102,471,0,0,1,1,0,125,2082,31,0,0,0,1,0,8,392206,467980,467833,1,1,0,0,0,23651
745,972490,5779,276,1,0,0,0,0,272,12437,934,0,0,0,0,1,5,367766,467978,467926,1,0,0,0,1,23642
746,163385,4537,77,0,1,1,1,0,364,2389,52,392,10,0,1,0,5,409256,467973,467720,1,1,0,0,0,23633
747,65316,5031,557,1,0,1,0,1,39,1423,5,1,5,0,0,1,4,405626,467979,467717,1,1,0,0,0,23564
748,778,6600,153,1,0,1,0,1,2,25,33,0,0,0,0,1,5,372122,467978,467712,0,0,0,0,0,23564
749,124959,8131,2149,1,0,1,0,0,440,32406,351,1887,2,0,0,0,8,356777,467978,467977,1,0,0,0,1,23557
750,6066,4472,108,0,0,0,0,0,61,267,1,0,3,0,0,1,4,439323,467979,467812,1,0,0,0,1,23554
751,843,2908,6,0,0,1,0,1,10,55,11,0,0,0,0,0,5,446455,467977,467864,0,0,0,1,0,23538
752,10221,2656,307,1,0,1,0,0,78,1199,28,0,0,1,0,0,11,369631,467961,465676,1,1,0,0,0,23538
753,291094,3188,479,0,0,1,1,0,444,13092,296,47,19,1,0,0,11,401122,467979,467927,1,1,0,0,0,23538
754,6656,3160,5371,1,0,1,0,0,6,1619,0,0,15,1,0,0,2,432069,467978,466551,1,1,0,0,0,23534
755,143520,680,96,0,0,1,1,0,209,4171,19,4523,5,0,0,0,9,439488,467977,467978,1,1,0,0,0,23533
756,48244,3465,452,1,0,1,1,1,49,651,185,728,18,0,0,1,7,445060,467979,467687,1,1,0,0,0,23524
757,935,2592,207,1,1,1,0,0,53,629,59,0,0,0,0,1,6,357593,467979,467724,1,1,0,0,0,23506
758,100279,6511,1889,1,0,1,1,0,440,10735,145,1,4,0,1,0,8,403309,467976,467966,1,1,0,0,0,23506
759,26490,5571,256,1,1,1,1,0,167,1687,307,2506,8,1,0,0,6,411002,467979,467961,1,1,0,0,0,23500
760,37251,1919,309,0,0,0,1,0,473,4043,75,0,0,0,1,0,11,445478,467980,467978,1,1,0,0,0,23482
761,15559,1213,486,1,0,1,0,0,39,643,3,50,3,1,0,0,5,389246,467980,467070,1,1,0,0,0,23479
762,13989,2859,65,0,0,0,0,0,107,2258,22,0,6,0,0,1,5,371337,467978,467648,1,1,0,0,0,23478
763,25763,1348,447,1,0,1,1,0,331,5281,98,277,0,1,0,0,4,397672,467977,467976,1,0,0,1,0,23472
764,1465,2429,332,1,1,1,0,1,18,259,3,11,0,1,0,0,4,399012,467979,464032,0,1,0,0,0,23467
765,4684,2021,2,1,0,1,0,1,26,357,5,0,13,0,0,0,9,401903,467979,467843,0,1,0,0,0,23409
766,9799,4698,391,1,1,1,0,0,106,2119,16,0,0,0,0,1,36,375926,467955,467966,0,0,0,0,0,23384
767,35047,4582,185,1,0,0,0,0,25,3932,10,0,0,0,0,1,5,398818,467977,446802,0,0,0,0,0,23374
768,29935,937,38,0,0,1,1,0,31,757,10,0,4,0,0,1,7,460272,467979,467975,1,1,0,0,0,23364
769,7282,5937,55,1,0,1,0,1,1,837,2,0,4,0,0,1,1,412062,467979,467962,1,0,0,1,0,23336
770,16237,4072,21,1,0,1,0,0,334,3664,69,0,8,0,0,1,4,396783,467979,467764,0,1,0,0,0,23334
771,49191,3543,10,1,1,1,0,0,95,1466,43,101,13,0,0,1,7,391206,467976,467642,1,1,0,0,0,23327
772,117712,3791,193,0,0,0,0,0,16,754,1,0,4,0,0,1,8,429699,467979,466506,1,0,0,1,0,23318
773,6931,3042,2,0,1,1,0,1,381,3918,65,0,13,0,0,1,13,390272,467970,467212,0,0,0,0,1,23299
774,41256,994,60,1,0,0,1,0,66,1135,8,1,4,1,0,0,7,408518,467973,467610,1,1,0,0,0,23298
775,10072,1505,107,0,0,1,1,0,129,1609,14,0,11,0,1,0,11,422566,467971,462209,1,1,0,0,0,23271
776,1631,564,40,0,0,1,1,1,94,549,15,0,6,0,1,0,6,415896,467978,467885,1,1,0,0,0,23260
777,1456031,5733,34,0,0,0,0,0,258,110523,844,0,3,0,0,1,14,365986,467964,467979,1,0,0,1,0,23257
778,659437,9955,43,1,0,1,1,0,163,4318,28,0,8,0,0,1,47,409913,467977,467948,1,1,0,0,0,23245
779,125603,2902,664,0,0,1,1,0,444,9273,54,117,7,0,0,0,12,431659,467980,467980,1,0,1,0,0,23233
780,77635,2159,1426,0,0,0,1,0,391,16193,41,0,1,0,0,0,12,427911,467978,467969,1,0,1,0,0,23217
781,1378,6168,32,1,1,1,0,0,38,411,6,14,0,0,0,1,6,382347,467980,467157,1,0,0,0,1,23198
782,5785,5562,201,1,1,0,0,0,382,3823,470,0,4,0,0,1,7,348078,467979,467578,1,1,0,0,0,23194
783,27948,4029,784,0,1,1,1,0,356,7316,171,8,17,0,0,0,17,384151,467979,467912,1,0,0,0,1,23168
784,42560,3833,138,0,0,1,1,0,383,7552,923,3654,9,0,1,0,10,399776,467979,467978,1,0,1,0,0,23167
785,33766,2279,13,1,1,1,0,1,128,2040,104,1,20,0,0,1,5,367141,467978,467839,1,0,0,0,1,23148
786,579976,2053,172,1,0,1,1,0,185,2758,38,2,2,0,0,1,2,424364,467979,467964,1,0,1,0,0,23136
787,58589,2190,714,1,0,1,1,0,215,10638,90,515,6,0,0,1,7,411100,467976,467980,1,0,1,0,0,23083
788,122597,11452,1949,1,0,1,0,0,38,203,37,0,5,0,0,0,12,419006,467980,467797,0,0,0,1,0,23075
789,28330,1849,31,0,0,0,0,0,161,2111,12,1313,14,0,0,1,6,411775,467978,467955,1,1,0,0,0,23074
790,138907,6440,18,0,1,1,0,1,153,681,11,28,20,0,0,1,31,361558,467979,467742,1,0,0,1,0,23069
791,1291899,2711,3475,1,0,1,1,0,413,45766,17719,0,3,0,0,1,4,369085,467978,467980,1,0,0,0,1,23054
792,6221,2532,10,0,0,0,1,0,72,871,41,48,3,1,0,0,15,379618,467974,467839,1,0,0,1,0,22999
793,75636,656,237,1,1,0,0,0,7,593,70,4,4,0,0,1,8,381832,467879,459970,1,0,0,0,0,22994
794,8492,1463,158,1,0,1,1,0,295,2988,261,0,2,1,0,0,4,381063,467968,467841,1,1,0,0,0,22992
795,1406,1888,467,1,0,1,1,1,142,571,19,0,0,0,0,1,4,387897,467980,467916,0,1,0,0,0,22980
796,4116,2036,238,1,0,1,0,0,127,1424,37,0,12,0,0,1,56,387664,467979,450028,1,0,0,1,0,22976
797,61436,4950,369,1,0,1,1,1,353,12580,996,0,5,0,0,1,17,376600,467979,467913,1,0,0,0,1,22973
798,520,3400,118,0,0,0,0,1,3,58,0,0,0,0,0,1,1,447033,467979,456819,0,0,0,0,0,22973
799,592,2864,264,1,1,1,0,1,125,515,6,0,0,0,0,1,14,386657,467975,467841,0,0,0,1,0,22958
800,209771,4261,1475,1,0,1,0,0,396,18243,264,876,8,0,0,1,4,408513,467976,467979,1,0,1,0,0,22051
801,1563763,2176,205,0,1,1,1,0,189,5445,27,1592,12,0,0,0,5,446789,467979,467979,1,1,0,0,0,22017
802,22206,3004,293,1,0,0,1,0,421,3601,248,183,12,1,0,0,12,360973,467957,467816,1,1,0,0,0,22016
803,28336,1556,1143,1,1,1,1,0,428,4585,40,587,4,0,0,0,5,441934,467979,467973,1,0,0,0,1,22009
804,927,2042,63,0,1,1,0,1,11,72,2,13,7,0,0,1,9,402808,467975,467453,1,0,1,0,0,22008
805,45028,2629,64,0,1,0,0,0,90,1300,30,97,8,0,0,1,5,378585,467978,467696,1,0,0,1,0,22002
806,1186,2017,2,1,1,1,1,1,112,980,1,586,3,0,0,1,3,418325,467980,467879,0,0,0,0,0,21986
807,119004,1871,1718,1,0,1,0,0,353,15999,177,0,0,0,0,1,12,392915,467969,467921,1,1,0,0,0,21979
808,13020,4768,16,1,0,1,1,0,167,2576,49,0,6,0,0,0,9,398962,467979,467955,1,0,0,0,1,21979
809,3057,4183,305,0,1,1,0,0,93,1287,51,13,2,0,0,1,14,361977,467882,462279,1,0,0,1,0,21977
810,17150,798,58,1,0,1,1,1,42,351,52,780,2,0,1,0,9,433516,467975,467342,1,1,0,0,0,21973
811,29797,683,62,1,1,1,1,0,64,234,17,157,18,0,0,1,30,418215,467979,466998,1,1,0,0,0,21955
812,3204599,4080,450,0,1,1,1,0,364,40909,35,12263,9,0,1,0,9,438857,467979,467980,1,0,1,0,0,21949
813,3262,1966,26,1,1,0,0,0,103,1455,43,175,7,0,1,0,5,393731,467978,467961,1,0,1,0,0,21943
814,30658,2027,58,1,0,1,0,0,137,6878,122,0,2,0,0,1,5,373815,467979,467139,1,0,0,0,1,21942
815,50567,3737,129,1,0,1,0,0,132,3466,35,0,10,0,0,1,29,406905,467978,466971,0,0,0,0,1,21936
816,1116,3400,129,0,0,1,0,0,131,745,7,0,12,0,0,1,10,389745,467979,466879,0,1,0,0,0,21935
817,7353,5899,2,0,0,0,0,1,19,1293,15,0,11,0,0,1,14,403379,467972,467973,0,0,0,1,0,21924
818,1173,6961,152,1,0,1,0,1,107,1065,27,0,0,0,0,0,1,427152,467980,463207,0,0,1,0,0,21923
819,16507,4146,4,1,0,0,1,0,6,55,80,0,20,0,1,0,14,388231,467974,467387,1,1,0,0,0,21915
820,78590,3266,50,0,0,0,1,0,77,2166,7,0,0,0,0,1,0,382130,467966,467163,1,0,0,1,0,21908
821,597501,4573,269,1,1,1,0,0,31,2120,6,1472,17,0,0,1,9,433453,467977,467969,1,0,1,0,0,21858
822,126421,2945,318,1,1,1,1,0,109,822,14,300,0,0,0,1,11,412906,467979,467979,1,1,0,0,0,21849
823,4331,2560,328,1,0,0,1,0,68,1431,43,0,5,0,0,1,14,401548,467979,467949,1,0,0,1,0,21844
824,168269,6207,72,0,0,0,1,0,394,7597,32,134,14,0,0,1,5,401902,467977,467976,1,0,1,0,0,21839
825,36,3498,225,0,0,1,0,0,5,11,0,0,0,0,0,0,5,465651,467980,467885,0,0,0,0,1,21829
826,3822,1283,133,0,0,0,0,1,17,197,8,0,0,0,1,0,11,426383,467972,466356,0,0,0,1,0,21787
827,108825,1014,270,0,0,0,1,0,128,10108,8,0,7,0,0,1,8,403168,467977,467980,1,0,0,0,1,21759
828,58059,6259,77,0,0,1,0,0,56,3139,15,0,5,0,0,1,5,387881,467972,464701,0,0,1,0,0,21753
829,284466,9176,2171,1,0,1,0,0,369,33126,1088,0,6,0,0,1,4,377297,467979,467977,1,0,1,0,0,21736
830,30603,3518,164,1,0,1,0,0,419,4457,92,1,6,0,1,0,5,385597,467980,467796,1,1,0,0,0,21712
831,32214,2171,344,0,0,0,1,1,93,889,58,0,8,1,0,0,7,377603,467979,467847,1,1,0,0,0,21691
832,3876,636,313,0,0,0,0,1,142,1605,24,0,4,0,0,0,5,389095,467978,467843,1,1,0,0,0,21685
833,169878,4725,51,1,0,1,0,0,266,21020,93,7,9,0,0,0,6,415290,467977,467980,1,0,0,0,1,21683
834,249489,4977,209,1,0,0,0,0,88,8529,226,0,20,0,0,1,17,397297,467980,467788,1,1,0,0,0,21648
835,61361,3050,15,1,0,0,0,0,402,19214,1571,0,0,0,0,1,13,359595,467977,467963,1,0,1,0,0,21645
836,26748,1546,142,0,0,1,1,0,190,4446,29,0,9,0,0,0,7,418992,467976,467980,1,0,1,0,0,21638
837,8943,1106,682,0,0,0,0,0,21,460,21,0,8,0,0,1,7,429296,467975,466170,1,0,0,0,0,21630
838,381415,2722,210,1,0,1,1,0,321,10389,178,0,20,0,1,0,22,376460,467980,467979,1,0,0,1,0,21627
839,1345,3573,49,1,1,1,0,1,281,791,9,462,6,0,0,0,23,424908,467978,467649,1,1,0,0,0,21626
840,233233,3458,186,1,0,1,1,1,11,76,15,0,12,0,0,1,11,432740,467977,467966,1,0,0,0,1,21598
841,1638,995,260,1,0,1,1,1,158,1256,10,0,11,0,0,0,8,403095,467980,467298,1,0,1,0,0,21557
842,77891,1709,462,1,0,1,1,0,397,17289,1663,0,3,0,0,1,5,371277,467977,467971,1,0,0,1,0,21556
843,34539,4489,619,1,0,1,1,0,402,12202,272,0,14,0,0,0,5,344598,467976,467963,1,0,0,1,0,21544
844,14442,3476,93,1,0,1,0,0,421,6512,213,1,6,1,0,0,9,359418,467979,467964,1,0,0,0,1,21542
845,14870,4775,575,1,0,1,0,0,355,2145,71,5,6,1,0,0,6,423035,467971,467978,1,1,0,0,0,21537
846,10594,4605,16,1,1,1,0,0,25,442,12,300,3,0,0,1,1,429287,467977,466546,0,0,0,1,0,21536
847,1140,2195,27,1,0,0,0,1,10,950,10,0,8,1,0,0,7,386076,467979,466413,1,0,0,0,0,21531
848,1942,1993,156,0,1,1,0,1,32,366,23,4,7,1,0,0,8,396928,467976,464171,1,1,0,0,0,21530
849,747,4592,6,1,0,1,0,1,92,432,1,0,2,0,0,1,3,390902,467964,464143,0,0,0,0,1,21514
850,21335,2802,112,0,0,1,1,0,354,2158,430,899,19,0,1,0,16,410267,467978,467940,1,1,0,0,0,21509
851,1102272,6421,282,1,0,1,0,0,332,15229,755,0,16,0,0,1,5,373502,467979,467951,1,0,1,0,0,21509
852,1083,1377,105,1,0,1,0,1,272,1252,3,0,8,0,0,1,10,427716,467971,466768,0,0,0,0,1,21502
853,614,1216,365,1,0,1,1,1,32,617,10,0,8,1,0,0,5,366137,467971,467507,1,1,0,0,0,21474
854,5349,1205,193,1,1,1,0,1,68,809,41,0,0,1,0,0,7,398330,467978,464028,0,1,0,0,0,21473
855,10454,1898,59,1,0,1,0,1,69,1009,0,0,19,1,0,0,13,433949,467975,467783,1,1,0,0,0,21469
856,17961,3364,154,0,0,0,1,0,446,5179,94,0,8,0,0,1,3,384930,467979,467936,1,1,0,0,0,21460
857,38290,2052,1365,0,0,1,0,0,70,9108,94,0,14,0,0,1,10,391242,467980,467915,1,0,0,0,0,21452
858,31215,1717,33,1,1,0,1,0,73,558,7,11,17,0,0,1,7,411109,467976,462503,1,1,0,0,0,21417
859,2154,2629,115,0,0,0,0,0,69,707,6,0,4,0,0,1,4,407870,467980,467896,0,0,0,1,0,21400
860,528390,1440,460,0,1,0,1,0,301,4652,2320,41624,8,0,0,0,18,453732,467979,467980,1,0,0,0,1,21368
861,243508,9466,39,1,1,0,1,0,279,9537,42,724,7,0,1,0,10,414602,467979,467976,1,1,0,0,0,21350
862,7483,2693,10,1,0,1,0,0,227,3986,48,0,10,0,0,0,8,360533,467979,467858,0,1,0,0,0,21348
863,285078,4660,983,0,0,0,0,0,156,51358,24,0,17,0,0,1,22,434115,467979,467980,1,0,0,0,1,21347
864,31094,1138,1,1,0,1,0,1,15,140,11,0,6,0,0,1,16,409782,467978,466221,0,0,0,1,0,21332
865,14827,3903,22,0,0,0,0,1,3,252,2,0,7,0,0,1,16,428063,467977,467534,0,1,0,0,0,21314
866,17370,3625,67,0,0,1,0,0,146,1117,19,1,8,0,1,0,6,397756,467979,467896,1,1,0,0,0,21309
867,109814,1419,835,1,1,0,1,1,83,6425,23,3129,19,1,0,0,8,415411,467979,467966,0,0,0,0,1,21306
868,5429,2149,277,1,0,1,0,0,411,2205,43,0,10,1,0,0,2,357313,467980,467976,0,1,0,0,0,21292
869,5786,2412,91,1,0,0,1,1,162,2590,25,384,9,0,0,1,12,396752,467980,467925,0,1,0,0,0,21284
870,1283,5453,0,1,1,1,1,0,208,996,7,122,10,0,0,1,14,390145,467973,467883,0,1,0,0,0,21271
871,497420,12019,1024,0,0,0,0,0,282,33370,501,0,6,0,0,1,2,389473,467972,467979,0,0,1,0,0,21264
872,6143,4520,2,0,0,1,1,0,177,1277,6,0,9,0,0,1,9,364991,467937,467718,0,1,0,0,0,21258
873,1736,1287,111,1,0,1,0,1,50,671,10,0,4,0,0,1,9,382326,467973,467408,1,1,0,0,0,21247
874,4872,610,71,1,0,1,1,1,98,1076,1,0,0,0,0,1,12,433648,467978,467659,1,0,0,1,0,21238
875,14862,1972,301,0,1,0,0,0,217,2572,182,1,0,1,0,0,10,354787,467979,467743,1,0,0,0,0,21236
876,78579,3980,442,1,0,1,0,0,10,3615,404,0,5,0,0,1,7,396175,467978,467926,0,0,0,0,1,21235
877,88589,2499,369,1,1,1,0,0,111,3570,18,648,7,1,0,0,16,411197,467977,467704,1,0,1,0,0,21231
878,1300193,3836,1,1,0,0,0,0,198,82362,46,0,5,0,0,1,8,392097,467980,465489,1,0,0,1,0,21220
879,118704,1657,379,0,0,0,0,0,222,4160,14,0,9,0,0,1,14,433579,467978,467975,1,0,1,0,0,21168
880,23157,5058,356,1,0,0,1,0,127,7998,163,0,19,0,0,1,49,385952,467980,467938,1,0,1,0,0,21157
881,21915,1444,158,1,0,0,0,0,282,3465,270,16,7,0,1,0,12,404315,467978,467966,0,1,0,0,0,21144
882,1225,2230,7,0,0,0,1,0,63,580,11,0,0,0,0,1,5,384127,467977,467509,1,1,0,0,0,21134
883,10033,5485,216,1,1,1,0,0,353,4591,150,2,2,0,0,0,14,347903,467978,467851,1,0,1,0,0,21118
884,2557,2475,441,0,0,0,0,1,88,793,7,0,13,0,0,1,13,422069,467979,467661,0,1,0,0,0,21070
885,141880,2804,2470,1,0,1,0,0,210,10442,25,5,6,0,0,1,4,393159,467979,467980,1,0,1,0,0,21057
886,3496,2918,385,1,1,1,0,1,49,705,12,0,0,0,0,1,14,381936,467972,467225,0,0,0,1,0,21042
887,692593,1266,886,0,1,1,1,0,106,4032,10,2355,6,0,1,0,8,428328,467979,467918,1,0,0,1,0,21035
888,8024,1301,37,0,1,0,0,0,178,2610,156,0,3,1,0,0,12,378671,467964,467246,1,1,0,0,0,20999
889,7755,7594,722,1,0,1,1,0,181,805,3,0,9,0,0,1,13,423001,467980,467810,1,0,1,0,0,20981
890,2471,898,22,0,0,0,1,1,55,455,2,0,8,1,0,0,7,391251,467977,457697,0,1,0,0,0,20980
891,37476,2334,133,0,0,1,1,0,190,2096,30,39,8,0,0,1,11,408710,467977,467960,1,0,0,0,1,20979
892,510,2812,308,0,0,1,0,1,130,648,17,0,10,0,0,1,19,368270,467978,467335,0,0,0,0,0,20956
893,23414,1325,430,0,0,1,1,0,206,1867,26,0,9,0,0,1,9,415118,467979,467821,1,0,0,0,1,20941
894,832,5844,26,1,1,1,0,1,134,533,3,0,9,0,0,1,11,394501,467979,467936,0,0,0,0,0,20925
895,13238,10618,68,1,0,0,0,0,8,601,32,0,1,0,0,1,3,417202,467978,451140,0,0,0,1,0,20921
896,253899,7891,15,1,0,1,0,1,119,6555,55,0,8,0,0,0,1,395902,467979,467812,1,1,0,0,0,20907
897,39501,2770,5,0,0,0,1,1,73,280,0,0,7,0,0,1,10,408777,467980,467617,1,1,0,0,0,20871
898,27547,7176,68,1,0,1,0,1,96,3690,20,0,0,0,0,1,1,385276,467973,465947,0,0,0,0,0,20846
899,484,2496,12,1,0,1,0,0,77,335,3,0,4,0,0,1,14,416534,467977,467182,0,1,0,0,0,20840
900,3876,636,313,0,0,0,0,1,142,1605,24,0,4,0,0,0,5,389095,467978,467843,1,1,0,0,0,21685
901,169878,4725,51,1,0,1,0,0,266,21020,93,7,9,0,0,0,6,415290,467977,467980,1,0,0,0,1,21683
902,249489,4977,209,1,0,0,0,0,88,8529,226,0,20,0,0,1,17,397297,467980,467788,1,1,0,0,0,21648
903,61361,3050,15,1,0,0,0,0,402,19214,1571,0,0,0,0,1,13,359595,467977,467963,1,0,1,0,0,21645
904,26748,1546,142,0,0,1,1,0,190,4446,29,0,9,0,0,0,7,418992,467976,467980,1,0,1,0,0,21638
905,8943,1106,682,0,0,0,0,0,21,460,21,0,8,0,0,1,7,429296,467975,466170,1,0,0,0,0,21630
906,381415,2722,210,1,0,1,1,0,321,10389,178,0,20,0,1,0,22,376460,467980,467979,1,0,0,1,0,21627
907,1345,3573,49,1,1,1,0,1,281,791,9,462,6,0,0,0,23,424908,467978,467649,1,1,0,0,0,21626
908,233233,3458,186,1,0,1,1,1,11,76,15,0,12,0,0,1,11,432740,467977,467966,1,0,0,0,1,21598
909,12773,1120,780,1,0,1,1,1,246,2824,61,0,8,0,0,1,7,404900,467969,467974,1,1,0,0,0,21567
910,1638,995,260,1,0,1,1,1,158,1256,10,0,11,0,0,0,8,403095,467980,467298,1,0,1,0,0,21557
911,77891,1709,462,1,0,1,1,0,397,17289,1663,0,3,0,0,1,5,371277,467977,467971,1,0,0,1,0,21556
912,34539,4489,619,1,0,1,1,0,402,12202,272,0,14,0,0,0,5,344598,467976,467963,1,0,0,1,0,21544
913,14442,3476,93,1,0,1,0,0,421,6512,213,1,6,1,0,0,9,359418,467979,467964,1,0,0,0,1,21542
914,14870,4775,575,1,0,1,0,0,355,2145,71,5,6,1,0,0,6,423035,467971,467978,1,1,0,0,0,21537
915,10594,4605,16,1,1,1,0,0,25,442,12,300,3,0,0,1,1,429287,467977,466546,0,0,0,1,0,21536
916,1140,2195,27,1,0,0,0,1,10,950,10,0,8,1,0,0,7,386076,467979,466413,1,0,0,0,0,21531
917,1942,1993,156,0,1,1,0,1,32,366,23,4,7,1,0,0,8,396928,467976,464171,1,1,0,0,0,21530
918,747,4592,6,1,0,1,0,1,92,432,1,0,2,0,0,1,3,390902,467964,464143,0,0,0,0,1,21514
919,21335,2802,112,0,0,1,1,0,354,2158,430,899,19,0,1,0,16,410267,467978,467940,1,1,0,0,0,21509
920,1102272,6421,282,1,0,1,0,0,332,15229,755,0,16,0,0,1,5,373502,467979,467951,1,0,1,0,0,21509
921,1083,1377,105,1,0,1,0,1,272,1252,3,0,8,0,0,1,10,427716,467971,466768,0,0,0,0,1,21502
922,614,1216,365,1,0,1,1,1,32,617,10,0,8,1,0,0,5,366137,467971,467507,1,1,0,0,0,21474
923,5349,1205,193,1,1,1,0,1,68,809,41,0,0,1,0,0,7,398330,467978,464028,0,1,0,0,0,21473
924,10454,1898,59,1,0,1,0,1,69,1009,0,0,19,1,0,0,13,433949,467975,467783,1,1,0,0,0,21469
925,17961,3364,154,0,0,0,1,0,446,5179,94,0,8,0,0,1,3,384930,467979,467936,1,1,0,0,0,21460
926,38290,2052,1365,0,0,1,0,0,70,9108,94,0,14,0,0,1,10,391242,467980,467915,1,0,0,0,0,21452
927,31215,1717,33,1,1,0,1,0,73,558,7,11,17,0,0,1,7,411109,467976,462503,1,1,0,0,0,21417
928,49091,5601,125,0,0,1,0,0,174,3915,49,0,0,0,0,1,9,382289,467978,467887,1,0,0,1,0,21403
929,2154,2629,115,0,0,0,0,0,69,707,6,0,4,0,0,1,4,407870,467980,467896,0,0,0,1,0,21400
930,528390,1440,460,0,1,0,1,0,301,4652,2320,41646,8,0,0,0,18,453732,467979,467980,1,0,0,0,1,21368
931,243508,9466,39,1,1,0,1,0,279,9537,42,724,7,0,1,0,10,414602,467979,467976,1,1,0,0,0,21350
932,7483,2693,10,1,0,1,0,0,227,3986,48,0,10,0,0,0,8,360533,467979,467858,0,1,0,0,0,21348
933,285078,4660,983,0,0,0,0,0,156,51358,24,0,17,0,0,1,22,434115,467979,467980,1,0,0,0,1,21347
934,31094,1138,1,1,0,1,0,1,15,140,11,0,6,0,0,1,16,409782,467978,466221,0,0,0,1,0,21332
935,14827,3903,22,0,0,0,0,1,3,252,2,0,7,0,0,1,16,428063,467977,467534,0,1,0,0,0,21314
936,17370,3625,67,0,0,1,0,0,146,1117,19,1,8,0,1,0,6,397756,467979,467896,1,1,0,0,0,21309
937,109814,1419,835,1,1,0,1,1,83,6425,23,3129,19,1,0,0,8,415411,467979,467966,0,0,0,0,1,21306
938,5429,2149,277,1,0,1,0,0,411,2205,43,0,10,1,0,0,2,357313,467980,467976,0,1,0,0,0,21292
939,5786,2412,91,1,0,0,1,1,162,2590,25,384,9,0,0,1,12,396752,467980,467925,0,1,0,0,0,21284
940,1283,5453,0,1,1,1,1,0,208,996,7,122,10,0,0,1,14,390145,467973,467883,0,1,0,0,0,21271
941,497420,12019,1024,0,0,0,0,0,282,33370,501,0,6,0,0,1,2,389473,467972,467979,0,0,1,0,0,21264
942,6143,4520,2,0,0,1,1,0,177,1277,6,0,9,0,0,1,9,364991,467937,467718,0,1,0,0,0,21258
943,1736,1287,111,1,0,1,0,1,50,671,10,0,4,0,0,1,9,382326,467973,467408,1,1,0,0,0,21247
944,4872,610,71,1,0,1,1,1,98,1076,1,0,0,0,0,1,12,433648,467978,467659,1,0,0,1,0,21238
945,14862,1972,301,0,1,0,0,0,217,2572,182,1,0,1,0,0,10,354787,467979,467743,1,0,0,0,0,21236
946,78579,3980,442,1,0,1,0,0,10,3615,404,0,5,0,0,1,7,396175,467978,467926,0,0,0,0,1,21235
947,88589,2499,369,1,1,1,0,0,111,3570,18,648,7,1,0,0,16,411197,467977,467704,1,0,1,0,0,21231
948,1300193,3836,1,1,0,0,0,0,198,82362,46,0,5,0,0,1,8,392097,467980,465489,1,0,0,1,0,21220
949,118704,1657,379,0,0,0,0,0,222,4160,14,0,9,0,0,1,14,433579,467978,467975,1,0,1,0,0,21168
950,23157,5058,356,1,0,0,1,0,127,7998,163,0,19,0,0,1,49,385952,467980,467938,1,0,1,0,0,21157
951,21915,1444,158,1,0,0,0,0,282,3465,270,16,7,0,1,0,12,404315,467978,467966,0,1,0,0,0,21144
952,1225,2230,7,0,0,0,1,0,63,580,11,0,0,0,0,1,5,384127,467977,467509,1,1,0,0,0,21134
953,10033,5485,216,1,1,1,0,0,353,4591,150,2,2,0,0,0,14,347903,467978,467851,1,0,1,0,0,21118
954,2557,2475,441,0,0,0,0,1,88,793,7,0,13,0,0,1,13,422069,467979,467661,0,1,0,0,0,21070
955,141880,2804,2470,1,0,1,0,0,210,10442,25,5,6,0,0,1,4,393159,467979,467980,1,0,1,0,0,21057
956,3496,2918,385,1,1,1,0,1,49,705,12,0,0,0,0,1,14,381936,467972,467225,0,0,0,1,0,21042
957,692593,1266,886,0,1,1,1,0,106,4032,10,2355,6,0,1,0,8,428328,467979,467918,1,0,0,1,0,21035
958,8024,1301,37,0,1,0,0,0,178,2610,156,0,3,1,0,0,12,378671,467964,467246,1,1,0,0,0,20999
959,7755,7594,722,1,0,1,1,0,181,805,3,0,9,0,0,1,13,423001,467980,467810,1,0,1,0,0,20981
960,2471,898,22,0,0,0,1,1,55,455,2,0,8,1,0,0,7,391251,467977,457697,0,1,0,0,0,20980
961,37476,2334,133,0,0,1,1,0,190,2096,30,39,8,0,0,1,11,408710,467977,467960,1,0,0,0,1,20979
962,510,2812,308,0,0,1,0,1,130,648,17,0,10,0,0,1,19,368270,467978,467335,0,0,0,0,0,20956
963,23414,1325,430,0,0,1,1,0,206,1867,26,0,9,0,0,1,9,415118,467979,467821,1,0,0,0,1,20941
964,832,5844,26,1,1,1,0,1,134,533,3,0,9,0,0,1,11,394501,467979,467936,0,0,0,0,0,20925
965,13238,10618,68,1,0,0,0,0,8,601,32,0,1,0,0,1,3,417202,467978,451140,0,0,0,1,0,20921
966,253899,7891,15,1,0,1,0,1,119,6555,55,0,8,0,0,0,1,395902,467979,467812,1,1,0,0,0,20907
967,39501,2770,5,0,0,0,1,1,73,280,0,0,7,0,0,1,10,408777,467980,467617,1,1,0,0,0,20871
968,27547,7176,68,1,0,1,0,1,96,3690,20,0,0,0,0,1,1,385276,467973,465947,0,0,0,0,0,20846
969,484,2496,12,1,0,1,0,0,77,335,3,0,4,0,0,1,14,416534,467977,467182,0,1,0,0,0,20840
970,393,1754,28,1,0,1,0,0,69,402,13,0,3,1,0,0,7,399145,467971,467505,1,1,0,0,0,20825
971,152788,8094,65,0,0,0,0,0,305,33747,1573,0,10,0,0,1,3,358455,467980,467978,1,1,0,0,0,20822
972,893182,3765,1997,1,0,1,1,0,294,36011,613,2,8,0,0,1,8,389602,467974,467979,1,0,1,0,0,20817
973,151086,7367,1,1,0,1,0,1,27,478,5,0,13,0,0,1,3,399945,467978,464949,0,0,0,0,1,20816
974,63594,1331,436,1,0,1,0,1,184,1434,4,133,8,0,0,1,9,430117,467978,467961,1,0,1,0,0,20816
975,4603,747,6,0,1,0,1,1,113,968,32,2,0,1,0,0,12,417191,467979,467558,1,1,0,0,0,20800
976,3630,2681,44,1,0,1,1,1,4,240,21,0,10,0,0,1,8,434361,467979,467758,0,0,0,0,1,20798
977,41134,5159,12,1,1,1,0,0,211,2527,13,394,1,0,0,1,8,389375,467975,467044,1,0,0,0,0,20785
978,29987,2302,148,0,0,1,0,0,57,256,2,0,0,0,0,0,16,466434,467980,467979,0,0,1,0,0,20770
979,756073,3602,230,0,0,0,1,0,439,6432,46,0,0,0,0,1,3,415688,467978,467958,1,0,0,1,0,20762
980,198245,3501,821,1,0,1,1,1,18,1054,12,0,6,0,0,1,5,432261,467980,467661,0,1,0,0,0,20762
981,35085,6851,56,1,1,0,0,0,66,458,5,38,6,0,0,1,6,397681,467976,467647,1,1,0,0,0,20761
982,878,2447,135,1,0,1,0,1,27,176,9,0,0,0,0,0,8,464491,467980,467974,0,1,0,0,0,20753
983,94458,1784,73,0,1,0,1,1,161,1930,71,321,9,1,0,0,4,398293,467980,467764,1,1,0,0,0,20749
984,326817,5952,760,0,1,1,0,0,225,15072,280,254,4,0,0,1,6,389631,467976,467915,0,0,1,0,0,20720
985,2285,504,2,0,0,0,0,1,37,495,4,0,19,0,0,1,5,409251,467956,467654,0,0,0,0,1,20719
986,18498,5640,189,1,0,1,0,1,8,272,3,0,14,1,0,0,23,444824,467979,467786,0,0,0,0,0,20717
987,807653,810,96,0,1,1,1,1,107,1987,9,517,20,0,0,1,15,446273,467980,467700,1,1,0,0,0,20702
988,5838,1616,19,1,0,1,0,0,22,146,17,0,5,0,0,1,5,407050,467975,459368,1,0,0,0,0,20700
989,88,2100,162,1,0,1,1,1,18,96,6,0,0,0,0,0,15,467499,467980,467978,0,0,1,0,0,20692
990,5587,8956,0,1,1,1,0,1,200,2107,31,807,0,1,0,0,7,388327,467958,467879,1,0,0,1,0,20691
991,794,2112,4,1,0,0,1,0,52,868,57,0,2,1,0,0,9,396322,467977,467660,0,1,0,0,0,20683
992,1042336,3154,93,0,0,0,0,0,297,40029,210,2,12,0,1,0,18,381207,467979,467936,1,0,1,0,0,20679
993,7519,1424,57,0,0,0,1,1,253,2242,59,0,6,0,0,0,5,405069,467977,467958,1,0,0,1,0,20678
994,4624,856,12,0,0,1,1,0,50,596,29,3768,8,0,1,0,13,444508,467979,467912,1,1,0,0,0,20664
995,96001,1374,218,0,0,0,1,0,281,11431,1207,9311,15,0,1,0,10,452769,467980,467980,1,1,0,0,0,20662
996,4217,2062,24,1,1,1,0,1,15,501,14,49,13,0,1,0,11,420291,467979,467687,1,1,0,0,0,20628
997,9258,3798,162,0,1,1,1,0,239,1754,7,46,12,0,0,1,9,429749,467977,467955,1,1,0,0,0,20624
998,1371856,3712,591,1,0,1,1,0,434,12616,79,1927,7,0,0,1,4,410849,467964,467980,1,0,0,0,1,20604
999,142044,3991,302,0,0,1,0,0,299,45468,896,0,12,0,1,0,17,383990,467978,467976,1,0,1,0,0,20578
